UNB3_345,STATS,header_True,OCSVM(rbf),tuning_False,0|0|1854,40,9.012871076352894-9.486399036832154-9.448162988759577-8.843154036439955-9.350930740125477,0-0-0-0-0,0-0-0-0-0,0-0-0-0-0,1.6501356861321255-1.6503112297528424-1.679453809086699-1.691704278225079-1.6580692816223017,0.14902790433000632-0.14549142412277485-0.1443568179358546-0.15337897359451388-0.15176492356245397,1641.041-1641.041-1641.041-1641.369-1641.697
UNB3_345,STATS,header_True,OCSVM(rbf),tuning_True,0|0|1854,40,7.676207941956818-7.507697222754359-8.034068766981363-7.750197256915271-7.633740575052798,0-0-0-0-0,0-0-0-0-0,0-0-0-0-0,1.417262941293884-1.4253146030590869-1.4285501377494074-1.4314563695061953-1.4227869059401563,0.6075827767944525-0.599907602326932-0.5911205137962294-0.6098548984149259-0.6105688275386958,1650.881-1655.801-1657.769-1658.425-1654.161
UNB3_345,STATS,header_True,KJL-OCSVM(linear),tuning_False,0|0|1854,40,5.136170585639775-4.849831507541239-4.2794507425278425-4.351641311310232-4.447261012159288,0-0-0-0-0,0-0-0-0-0,0-0-0-0-0,0.10166802757652477-0.10184585503768176-0.10190420659957454-0.10352210780605674-0.10224059264874086,0.12684897169768505-0.11226899127109638-0.12988855257997803-0.1294219094200242-0.13908759043393154,277.025-276.929-276.977-276.977-276.977
UNB3_345,STATS,header_True,KJL-OCSVM(linear),tuning_True,0|0|1854,40,3.2045426461845636-3.5141475992277265-194.208755354397-4.893710621632636-16.899208465591073,0-0-0-0-0,0-0-0-0-0,0-0-0-0-0,0.09928912077331915-0.09781503226142377-0.0995993661088869-0.10202409691410139-0.09922391638159751,0.7299549997730792-0.6814014190141379-0.6399382541494585-0.45935607898720976-0.4355921887891599,276.881-276.881-281.009-276.977-278.081
UNB3_345,STATS,header_True,Nystrom-OCSVM(linear),tuning_False,0|0|1854,40,4.608936287462711-4.222743334248662-4.165681371465325-3.98412443138659-4.693907303735614,0-0-0-0-0,0-0-0-0-0,0-0-0-0-0,0.1026350960531272-0.10209215470124036-0.10286709713051095-0.1038440475682728-0.1020480907196179,0.14480716931466295-0.14895226391754493-0.14182111857041949-0.1527563948150243-0.15222923932510132,276.993-276.945-276.993-276.993-276.993
UNB3_345,STATS,header_True,Nystrom-OCSVM(linear),tuning_True,0|0|1854,40,4.797374157235026-3.925014073960483-4.644656402058899-4.329411412589252-4.172316744923592,0-0-0-0-0,0-0-0-0-0,0-0-0-0-0,0.10208337381947785-0.09922050145221874-0.0987503548944369-0.09903894592775032-0.09970020272769034,0.3532244344133621-0.377552718458239-0.40574564573056404-0.32277975024699496-0.41330619588073936,276.897-276.993-277.041-277.185-277.137
UNB3_345,STATS,header_True,KJL-GMM(full),tuning_False,0|0|1854,40,2.8153046211227775-2.9987135156989098-2.9171619564294815-2.720779526978731-3.0113875614479184,0-0-0-0-0,0-0-0-0-0,0-0-0-0-0,0.039815571433864536-0.039505594139918686-0.039396130449604244-0.041203518935944886-0.039503295908216385,0.11029186725922209-0.11167201386197839-0.10963786861609458-0.11007192821375748-0.11228528305224188,36.957-36.957-36.957-36.957-36.957
UNB3_345,STATS,header_True,KJL-GMM(full),tuning_True,0|0|1854,40,2.7137332698330283-3.2137580513954163-3.0890699243173003-2.6788696125149727-2.9825512627139688,0-0-0-0-0,0-0-0-0-0,0-0-0-0-0,0.0381797610130161-0.040214792762417344-0.03624595760367811-0.036216367930173875-0.03650861600413918,0.8322982233812661-0.7377465441059248-0.8299871178559088-0.8407676221796305-0.7599248948889193,36.957-37.704-36.957-36.957-36.957
UNB3_345,STATS,header_True,KJL-GMM(diag),tuning_False,0|0|1854,40,2.927129555493593-3.0647842828184366-3.053666438907385-2.809128244407475-3.116916532628238,0-0-0-0-0,0-0-0-0-0,0-0-0-0-0,0.0410070284595713-0.040356993640307336-0.040511959318537266-0.04215396669926122-0.04078885765746236,0.2569656092137005-0.5176957835706697-0.2559962482355419-0.21216670215947558-0.19400020248356561,36.795-36.795-36.795-36.795-36.795
UNB3_345,STATS,header_True,KJL-GMM(diag),tuning_True,0|0|1854,40,3.005897634662688-2.6251969961449504-3.131800922565162-2.8930344972759485-3.189668162725866,0-0-0-0-0,0-0-0-0-0,0-0-0-0-0,0.039655487465206536-0.03854398259660229-0.037956061956938354-0.03883263886906207-0.03883649599039927,0.8155072155134997-0.8453229205577837-0.8765536831644222-0.8362611991449144-0.8586507612334742,37.235-37.059-37.059-37.235-37.235
UNB3_345,STATS,header_True,Nystrom-GMM(full),tuning_False,0|0|1854,40,2.744352831505239-2.995166052132845-2.8426495604217052-2.6146999234333634-2.883648277260363,0-0-0-0-0,0-0-0-0-0,0-0-0-0-0,0.03965723777189851-0.039290035932790485-0.03909431107807904-0.04091816875617951-0.039398909765295684,0.11141018166499679-0.11365728376442547-0.11111460220707083-0.4325770455785852-0.11371779609439457,36.973-36.973-36.973-36.973-36.973
UNB3_345,STATS,header_True,Nystrom-GMM(full),tuning_True,0|0|1854,40,2.962266449816525-3.054249473847449-3.1754568545147777-3.2145687537267804-3.3196433018893003,0-0-0-0-0,0-0-0-0-0,0-0-0-0-0,0.048415273814462124-0.051769000089261684-0.0420772490138188-0.04767369292676449-0.047908848919905725,0.8834881634391486-0.8822622069079479-0.8842253665359834-0.8543136563528054-0.8709562926422825,39.707-40.699-38.216-39.707-39.707
UNB3_345,STATS,header_True,Nystrom-GMM(diag),tuning_False,0|0|1854,40,2.9344658758491278-3.079612582921982-3.015553493052721-2.8113942611962557-3.160182736814022,0-0-0-0-0,0-0-0-0-0,0-0-0-0-0,0.04044918178580701-0.041197576059494166-0.04025548900011927-0.042081215754151344-0.04063783012097701,0.11080040357069293-0.1107422186380304-0.11020458986022814-0.10972398231643529-0.11015338711948511,36.811-36.811-36.811-36.811-36.811
UNB3_345,STATS,header_True,Nystrom-GMM(diag),tuning_True,0|0|1854,40,3.299431622028351-3.1193703189492226-3.1028106892481446-3.1051969146355987-3.1214269883930683,0-0-0-0-0,0-0-0-0-0,0-0-0-0-0,0.04420649484964088-0.04413418446900323-0.038579392496030776-0.040622991775162515-0.040113124870695176,0.8727472248696365-0.8763866924076809-0.8782870123084411-0.8572578139455321-0.8631234370072464,38.313-38.489-37.251-37.785-37.609
UNB3_345,STATS,header_True,KJL-QS-GMM(full),tuning_False,0|0|1854,40,6.602302161976695-6.628145615570247-6.72039448749274-6.286996238864958-6.559767389670014,0-0-0-0-0,0-0-0-0-0,0-0-0-0-0,0.04405452617676928-0.04313190403860062-0.04343013299629092-0.04372639128705487-0.04292679311940446,0.3739336156466267-0.3743676752442892-0.3745143012745992-0.3876978433172858-0.19317281274110382,37.955-37.707-37.707-37.459-37.707
UNB3_345,STATS,header_True,KJL-QS-GMM(full),tuning_True,0|0|1854,40,7.130020487122238-7.751919875852764-7.64973353408277-7.961055941879749-7.264315141364932,0-0-0-0-0,0-0-0-0-0,0-0-0-0-0,0.05577951033599675-0.05539233949501068-0.05526553665054962-0.05506326571339741-0.05535678809508681,0.7346138673313711-0.6903083685061252-0.6359490951661123-0.6869086228906509-0.6664641831010012,41.678-41.678-41.678-41.678-41.678
UNB3_345,STATS,header_True,KJL-QS-GMM(diag),tuning_False,0|0|1854,40,6.560656598769128-7.0031440844759345-6.611356221139431-6.326397757977247-6.768787795677781,0-0-0-0-0,0-0-0-0-0,0-0-0-0-0,0.04181410030229017-0.040667742961086335-0.04113102080533281-0.04225640054093674-0.04101306024007499,0.39299150849092723-0.38866604059679105-0.39787147879333745-0.4126405602510797-0.39367052665509944,37.15-37.062-37.062-36.974-37.062
UNB3_345,STATS,header_True,KJL-QS-GMM(diag),tuning_True,0|0|1854,40,6.664573159068823-7.046639283187687-7.412489714100957-7.153820097446442-6.80553281493485,0-0-0-0-0,0-0-0-0-0,0-0-0-0-0,0.044253397155553105-0.04356777298497036-0.04357652974547818-0.04354725406272337-0.04372039173962548,0.8186969135220623-0.7885419903203548-0.7879333759247044-0.8182506350885405-0.7907576725561455,38.476-38.476-38.476-38.476-38.476
UNB3_345,STATS,header_True,Nystrom-QS-GMM(full),tuning_False,0|0|1854,40,6.592645342461765-6.6606845846399665-6.595351938158274-6.466516762971878-6.605494046583772,0-0-0-0-0,0-0-0-0-0,0-0-0-0-0,0.04349803555756807-0.043751627614255995-0.0440433481708169-0.046015657673124225-0.045304223117418586,0.34644007126490556-0.3514265199940882-0.343587845865786-0.3327177367457632-0.35520504952119614,37.723-37.971-37.971-37.971-38.219
UNB3_345,STATS,header_True,Nystrom-QS-GMM(full),tuning_True,0|0|1854,40,7.751713828183711-6.918539676815271-7.697635072283447-7.564137328416109-7.610320003703237,0-0-0-0-0,0-0-0-0-0,0-0-0-0-0,0.05596551144029945-0.055535441567189994-0.055185677334666255-0.05536013251170516-0.055589932042639706,0.8649050596453752-0.8816454466217247-0.871570143681873-0.8326292956481164-0.8449220263717386,41.694-41.694-41.694-41.694-41.694
UNB3_345,STATS,header_True,Nystrom-QS-GMM(diag),tuning_False,0|0|1854,40,6.484192959032953-6.554824644699693-6.485802259296179-6.480288840830326-6.597517346031964,0-0-0-0-0,0-0-0-0-0,0-0-0-0-0,0.04104800549102947-0.041467888925690206-0.04204585979226977-0.04256201088661328-0.04189384472323582,0.33898192659621634-0.3486499350074302-0.3379997649328721-0.3299818812119689-0.3440812540947649,37.078-37.166-37.166-37.166-37.254
UNB3_345,STATS,header_True,Nystrom-QS-GMM(diag),tuning_True,0|0|1854,40,7.0130797093734145-6.4638447081670165-7.346632429398596-7.02139504160732-7.143915273249149,0-0-0-0-0,0-0-0-0-0,0-0-0-0-0,0.04446602607611567-0.0435858982312493-0.04365340296411887-0.04406487582717091-0.04401289361296221,0.8754307139640349-0.8763866924076809-0.8473000445696589-0.842446257486946-0.8434127092184714,38.492-38.492-38.492-38.492-38.492
CTU1,STATS,header_True,OCSVM(rbf),tuning_False,0|0|5000,30,8.570379735901952-9.098548193462193-9.077613757923245-9.199496794492006-8.82861768361181,0-0-0-0-0,0-0-0-0-0,0-0-0-0-0,4.394650160777383-4.399312393469736-4.361001452773344-4.366482637841255-4.391958797713742,0.4100409600000001-0.4121260800000001-0.40845663999999976-0.41122320000000023-0.4036067199999999,1241.209-1241.209-1240.961-1240.961-1241.209
CTU1,STATS,header_True,OCSVM(rbf),tuning_True,0|0|5000,30,9.23063538596034-9.35459429398179-9.63928425591439-9.15365550108254-9.889423171058297,0-0-0-0-0,0-0-0-0-0,0-0-0-0-0,4.387599399846513-4.348442898124922-4.346281605574768-4.349310591144022-4.351160341752693,0.6106795199999997-0.6203199999999999-0.61500368-0.6140078400000001-0.6139921600000002,1241.209-1240.961-1240.961-1240.961-1240.713
CTU1,STATS,header_True,KJL-OCSVM(linear),tuning_False,0|0|5000,30,4.479564324021339-5.023201604373753-4.5915769739076495-4.6073079109191895-5.481370421126485,0-0-0-0-0,0-0-0-0-0,0-0-0-0-0,0.27029754533665257-0.27332698144717144-0.2739017907041125-0.27202095893211664-0.27238087959820406,0.44196624000000007-0.4157287999999999-0.3825401599999999-0.43570815999999984-0.42149792000000014,268.881-268.977-268.929-268.929-268.929
CTU1,STATS,header_True,KJL-OCSVM(linear),tuning_True,0|0|5000,30,4.420298185199499-6.897329754196107-5.044238284230232-8.050562554970384-9.045015674084425,0-0-0-0-0,0-0-0-0-0,0-0-0-0-0,0.272655505661387-0.26936588089913127-0.2724686062056571-0.27262178614502774-0.27257867680164055,0.5787294400000002-0.5912696-0.5565699200000003-0.5603124800000001-0.5739166400000001,268.929-268.977-268.929-268.929-268.929
CTU1,STATS,header_True,Nystrom-OCSVM(linear),tuning_False,0|0|5000,30,4.352429332211614-4.5123166255652905-4.6631728038191795-4.638181984424591-4.6073581743985415,0-0-0-0-0,0-0-0-0-0,0-0-0-0-0,0.2729178802925162-0.27249315815512093-0.27282061722595247-0.2725876762974076-0.2727452192036435,0.4177391999999998-0.4186284799999999-0.4294376-0.41946256000000004-0.4132632000000001,268.993-268.945-268.993-268.945-268.993
CTU1,STATS,header_True,Nystrom-OCSVM(linear),tuning_True,0|0|5000,30,4.54865556769073-4.52145648188889-4.458078370429575-4.53548059053719-4.754542488604784,0-0-0-0-0,0-0-0-0-0,0-0-0-0-0,0.2731558197387494-0.2731341286562383-0.27411811989266427-0.27241480502532794-0.2730813293391839,0.6095529600000003-0.6226907199999999-0.61911648-0.6191641600000001-0.61396448,268.945-268.945-268.993-268.945-268.945
CTU1,STATS,header_True,KJL-GMM(full),tuning_False,0|0|5000,30,2.6318773282691836-2.8485808903351426-2.83688101824373-2.858035129494965-2.820746042765677,0-0-0-0-0,0-0-0-0-0,0-0-0-0-0,0.10497674581129104-0.10543808764079586-0.10536983652506024-0.10542854715138673-0.10501483991043642,0.50451392-0.4968568000000001-0.50695472-0.5002387200000001-0.5084507199999999,28.957-28.957-28.957-28.957-28.957
CTU1,STATS,header_True,KJL-GMM(full),tuning_True,0|0|5000,30,2.9449841054156423-3.4996782764792442-2.753994971513748-2.72308954782784-3.265648397617042,0-0-0-0-0,0-0-0-0-0,0-0-0-0-0,0.1042169130849652-0.12358406389364973-0.10040405465755611-0.10397654306143522-0.1035548513638787,0.6248836799999998-0.5702145599999999-0.6412967199999998-0.5328075999999999-0.5122676799999999,28.957-31.195-28.957-28.957-28.957
CTU1,STATS,header_True,KJL-GMM(diag),tuning_False,0|0|5000,30,2.8163690576329827-2.94725411105901-2.9805455589666963-2.9778345907106996-2.9453759230673313,0-0-0-0-0,0-0-0-0-0,0-0-0-0-0,0.10691964031895623-0.10588117557577789-0.10582139434758574-0.1057139635272324-0.10601503893267364,0.63552432-0.4267324799999999-0.6199115200000003-0.7549175999999999-0.16352623999999996,28.795-28.795-28.795-28.795-28.795
CTU1,STATS,header_True,KJL-GMM(diag),tuning_True,0|0|5000,30,2.771118890494108-3.1699385065585375-3.0229453425854445-2.677190081216395-2.8833194691687822,0-0-0-0-0,0-0-0-0-0,0-0-0-0-0,0.104129706134554-0.10925211022375152-0.1044968397077173-0.10397553930524736-0.10428987734718248,0.7484193599999999-0.7342488-0.6953663999999999-0.7572274399999999-0.7332476800000002,28.795-29.059-28.795-28.795-28.795
CTU1,STATS,header_True,Nystrom-GMM(full),tuning_False,0|0|5000,30,2.9182176692411304-3.1038970993831754-3.175534512847662-3.1372430147603154-3.081391081213951,0-0-0-0-0,0-0-0-0-0,0-0-0-0-0,0.10541547554777936-0.10489992258371786-0.10503656349144876-0.10486467234790325-0.1050717634987086,0.6100225599999999-0.6054608000000002-0.5679867200000002-0.5414470399999999-0.5526417600000001,28.973-28.973-28.973-28.973-28.973
CTU1,STATS,header_True,Nystrom-GMM(full),tuning_True,0|0|5000,30,2.7341829743236303-2.795173216611147-2.771764548495412-3.220367629081011-3.2863380862399936,0-0-0-0-0,0-0-0-0-0,0-0-0-0-0,0.10377988738706335-0.10355849041370675-0.10445638165343553-0.14247602016897873-0.10362616527592763,0.6719599200000004-0.6155441599999998-0.5974404799999999-0.64436864-0.5980959200000001,28.973-28.973-28.973-33.195-28.973
CTU1,STATS,header_True,Nystrom-GMM(diag),tuning_False,0|0|5000,30,2.8078128593042493-3.088381695561111-3.1293633934110403-3.20803898293525-3.0882053589448333,0-0-0-0-0,0-0-0-0-0,0-0-0-0-0,0.10622946460731328-0.10584123759763316-0.10581276858923956-0.10559425704181194-0.10579083306947723,0.6123641599999999-0.6106316799999999-0.5732398400000001-0.5681951999999999-0.5778627199999997,28.811-28.811-28.811-28.811-28.811
CTU1,STATS,header_True,Nystrom-GMM(diag),tuning_True,0|0|5000,30,3.0345481038093567-3.009330657310784-2.947017998434603-2.900046594440937-2.872976353392005,0-0-0-0-0,0-0-0-0-0,0-0-0-0-0,0.10855517124990001-0.10924797632033005-0.11290560090681538-0.11603004687000067-0.10882829094538465,0.7257692799999996-0.63444096-0.6824321600000003-0.6568729600000002-0.7143920000000001,29.075-29.075-29.433-29.785-29.075
CTU1,STATS,header_True,KJL-QS-GMM(full),tuning_False,0|0|5000,30,7.148969444446266-7.224233868531883-7.295720496214926-7.400563867762685-7.116441952064633,0-0-0-0-0,0-0-0-0-0,0-0-0-0-0,0.11857532426482066-0.11951273973798379-0.12128289718413726-0.12120014380430803-0.12107697452651336,0.41985248000000014-0.4240820799999998-0.37070464000000003-0.4444841600000001-0.42170512000000004,30.203-30.203-30.454-30.454-30.454
CTU1,STATS,header_True,KJL-QS-GMM(full),tuning_True,0|0|5000,30,7.157661601901054-6.724751595407724-7.743377006612718-7.02477157022804-6.710134056396782,0-0-0-0-0,0-0-0-0-0,0-0-0-0-0,0.11426636018557473-0.11215537160867825-0.11873019151156768-0.12217358453664928-0.12201995393494144,0.5738164-0.5445238399999999-0.53525144-0.5220644799999999-0.49937856,30.203-29.955-30.702-30.454-30.454
CTU1,STATS,header_True,KJL-QS-GMM(diag),tuning_False,0|0|5000,30,7.148903805762529-7.371204920113087-7.48659363668412-7.291669212281704-7.364401840604842,0-0-0-0-0,0-0-0-0-0,0-0-0-0-0,0.11092891053063796-0.11115129426121712-0.11259074417408556-0.11264868899015709-0.11231899155303836,0.5948166399999997-0.5912705599999999-0.5396700800000002-0.5553228800000002-0.5426027199999998,29.238-29.238-29.332-29.332-29.332
CTU1,STATS,header_True,KJL-QS-GMM(diag),tuning_True,0|0|5000,30,6.542150445282459-6.603259124793112-6.850318127311766-7.112494946457446-6.835092809051275,0-0-0-0-0,0-0-0-0-0,0-0-0-0-0,0.11256313756341114-0.11242820259183645-0.11224430510075763-0.11228804148035124-0.11258039316860959,0.6074598399999998-0.6149881600000002-0.6299110400000001-0.60814688-0.6133131199999999,29.332-29.332-29.332-29.332-29.332
CTU1,STATS,header_True,Nystrom-QS-GMM(full),tuning_False,0|0|5000,30,7.147415243089199-7.369793185964227-7.393669047392905-7.406427885405719-7.240229437127709,0-0-0-0-0,0-0-0-0-0,0-0-0-0-0,0.11685592903522775-0.11933543474180625-0.12443266426213086-0.12177543131401762-0.12141198662342503,0.40930608000000007-0.5343918399999997-0.5325008000000002-0.48500816000000013-0.49199519999999985,29.971-30.219-30.718-30.47-30.47
CTU1,STATS,header_True,Nystrom-QS-GMM(full),tuning_True,0|0|5000,30,6.815050500445068-6.969990447163582-7.181770662777126-8.018166775815189-7.538453791290522,0-0-0-0-0,0-0-0-0-0,0-0-0-0-0,0.11957294604973867-0.12911633143899962-0.12023424708284437-0.125208630382549-0.12228914706967771,0.5269019200000001-0.5988872799999999-0.5956207999999998-0.5805740799999999-0.5960440800000001,30.219-31.462-30.47-30.966-30.718
CTU1,STATS,header_True,Nystrom-QS-GMM(diag),tuning_False,0|0|5000,30,7.147130819968879-7.223404587246478-7.330238051712513-7.406044540926814-7.31563238427043,0-0-0-0-0,0-0-0-0-0,0-0-0-0-0,0.1096337719867006-0.11078604795737192-0.11289924597833306-0.11236258818767965-0.11164649201091378,0.51271168-0.60999664-0.5412246400000001-0.5180804800000001-0.7182294400000001,29.166-29.254-29.436-29.348-29.348
CTU1,STATS,header_True,Nystrom-QS-GMM(diag),tuning_True,0|0|5000,30,6.890370943583548-7.030974067747593-7.191805589944124-7.06080043874681-7.445139988325536,0-0-0-0-0,0-0-0-0-0,0-0-0-0-0,0.11130145583534613-0.11192824417492375-0.11235535492189229-0.10982673659920693-0.11187718597706407,0.6437939199999999-0.6667750400000001-0.6215187199999999-0.6746780800000002-0.7182294400000001,29.254-29.348-29.348-29.524-29.348
MAWI1_2020,STATS,header_True,OCSVM(rbf),tuning_False,0|0|4160,79,3.4066078597679734-3.6646862914785743-3.517121191136539-3.435054791159928-3.707825645804405,0-0-0-0-0,0-0-0-0-0,0-0-0-0-0,1.9255592239648103-1.9298290446563624-1.9290477340156214-1.925912638856098-1.9295811224309727,0.9908653846153846-0.9906249999999995-0.9901442307692305-0.9903846153846151-0.9903846153846151,1831.753-1832.393-1832.393-1831.753-1832.393
MAWI1_2020,STATS,header_True,OCSVM(rbf),tuning_True,0|0|4160,79,3.755020302720368-3.7113869143649936-3.730861345306039-3.6282883919775486-3.658604696393013,0-0-0-0-0,0-0-0-0-0,0-0-0-0-0,2.260097702876665-2.2598140270030127-2.261186829986982-2.2596319075347857-2.2601288879523054,0.9987615569526622-0.9987934541420121-0.9988285872781067-0.9988020062869823-0.9987881379437873,1831.753-1831.753-1831.753-1831.753-1831.753
MAWI1_2020,STATS,header_True,KJL-OCSVM(linear),tuning_False,0|0|4160,79,1.5791993346065283-1.6920570600777864-1.6396255977451801-1.483565074391663-1.5788501473143697,0-0-0-0-0,0-0-0-0-0,0-0-0-0-0,0.16361603407422082-0.16296381515450775-0.1631986800720915-0.16335193526698277-0.16290763137629255,0.7634615384615384-0.7658653846153846-0.8324519230769226-0.8161057692307696-0.8266826923076924,205.409-205.409-205.457-205.409-205.457
MAWI1_2020,STATS,header_True,KJL-OCSVM(linear),tuning_True,0|0|4160,79,1.6663528541103005-1.55881283339113-1.6898605059832335-1.3865127451717854-1.6955299563705921,0-0-0-0-0,0-0-0-0-0,0-0-0-0-0,0.17287465155357495-0.17602839621016755-0.1756990595534444-0.17583023165119813-0.17583870750386268,0.9158170765532545-0.9217434818786979-0.920589404585799-0.920267196745562-0.9362932230029588,205.361-205.361-205.361-205.361-205.361
MAWI1_2020,STATS,header_True,Nystrom-OCSVM(linear),tuning_False,0|0|4160,79,1.5437838369980454-1.5053971922025084-1.3642847426235676-1.44585005287081-1.5292449034750462,0-0-0-0-0,0-0-0-0-0,0-0-0-0-0,0.16633889861870557-0.16514775262679904-0.1650387044996023-0.1655342900636606-0.16521906377514825,0.8735576923076924-0.875-0.8793269230769226-0.8701923076923077-0.8733173076923073,205.425-205.473-205.425-205.425-205.473
MAWI1_2020,STATS,header_True,Nystrom-OCSVM(linear),tuning_True,0|0|4160,79,1.5599543787539005-1.4527650410309434-1.622019810602069-1.50842650141567-1.6761737447232008,0-0-0-0-0,0-0-0-0-0,0-0-0-0-0,0.17662495552096516-0.1764613302797079-0.1756644338881597-0.17628007150953637-0.17599928480573,0.9956148298816568-0.9962553161982249-0.9955843195266272-0.9952142659023668-0.9963482340976334,205.377-205.377-205.377-205.377-205.377
MAWI1_2020,STATS,header_True,KJL-GMM(full),tuning_False,0|0|4160,79,1.0514621613547206-1.020822798833251-0.8984412122517824-0.9557342110201716-0.974262909963727,0-0-0-0-0,0-0-0-0-0,0-0-0-0-0,0.08626591174397617-0.08562346786726266-0.08591518001863734-0.08592701671877875-0.08608428318053483,0.3389423076923076-0.4096153846153846-0.3540865384615385-0.11754807692307694-0.3951923076923077,68.157-68.157-68.157-68.157-68.157
MAWI1_2020,STATS,header_True,KJL-GMM(full),tuning_True,0|0|4160,79,1.2484897393733263-1.1356066772714257-1.2561162123456597-1.097987275570631-1.3914037756621838,0-0-0-0-0,0-0-0-0-0,0-0-0-0-0,0.13138551267562434-0.1342627265350893-0.1269196431641467-0.10898031589342282-0.12682571207406,0.9960269508136098-0.9952505547337279-0.9978067215236684-0.9994827107988163-0.9955371671597635,72.379-72.875-71.883-69.4-71.883
MAWI1_2020,STATS,header_True,KJL-GMM(diag),tuning_False,0|0|4160,79,0.9334406713023782-0.9757625283673406-0.8675222219899297-0.9187772152945399-0.9352848837152123,0-0-0-0-0,0-0-0-0-0,0-0-0-0-0,0.08745574306230992-0.08645010262262076-0.08603949515148997-0.08689742047106847-0.08601956131868065,0.09855769230769226-0.24086538461538468-0.26153846153846144-0.10408653846153851-0.10456730769230772,67.995-67.995-67.995-67.995-67.995
MAWI1_2020,STATS,header_True,KJL-GMM(diag),tuning_True,0|0|4160,79,1.1068275244906545-0.989474412985146-1.069370774552226-1.144605907611549-1.208650505170226,0-0-0-0-0,0-0-0-0-0,0-0-0-0-0,0.11266426062444225-0.11232415472157299-0.09761260470142588-0.10609554661903531-0.11226783334743232,0.9566103457840238-0.9555202940088757-0.9154296874999995-0.9711251849112428-0.9672718657544379,69.673-69.673-67.995-68.969-69.673
MAWI1_2020,STATS,header_True,Nystrom-GMM(full),tuning_False,0|0|4160,79,0.9390041027218103-1.0365819223225117-0.8835337543860078-0.9625861616805196-1.0052335299551487,0-0-0-0-0,0-0-0-0-0,0-0-0-0-0,0.0862428295891732-0.08586769764311612-0.08554657405009493-0.08582096779253334-0.08576082257786766,0.5245192307692309-0.47043269230769225-0.3899038461538462-0.3891826923076923-0.5310096153846154,68.173-68.173-68.173-68.173-68.173
MAWI1_2020,STATS,header_True,Nystrom-GMM(full),tuning_True,0|0|4160,79,1.025613416917622-1.0443096589297056-1.2358417166396976-1.3893242171034217-1.0062190322205424,0-0-0-0-0,0-0-0-0-0,0-0-0-0-0,0.09722470125881955-0.12717920009046793-0.1161131528322585-0.12751231963746248-0.09719868102343752,0.9873310373520713-0.9939286704881658-0.9896604567307695-0.9898548446745559-0.9818407914201184,68.173-71.899-70.411-71.899-68.173
MAWI1_2020,STATS,header_True,Nystrom-GMM(diag),tuning_False,0|0|4160,79,1.006125297397375-1.0443043541163206-0.9250610694289207-1.1079768408089876-1.0789518468081951,0-0-0-0-0,0-0-0-0-0,0-0-0-0-0,0.0870375436032191-0.08624656359665096-0.0859585039038211-0.08658291821135208-0.08673563844757154,0.13629807692307688-0.14615384615384613-0.1329326923076923-0.14639423076923075-0.18389423076923075,68.011-68.011-68.011-68.011-68.011
MAWI1_2020,STATS,header_True,Nystrom-GMM(diag),tuning_True,0|0|4160,79,0.9839017558842897-0.961398827843368-0.9833333184942603-0.903882959857583-0.8648244543001056,0-0-0-0-0,0-0-0-0-0,0-0-0-0-0,0.09803694473812356-0.09723882517311722-0.09764842386823147-0.09800193743547425-0.0975162767386064,0.9927269785502959-0.9853161982248524-0.9896544471153846-0.9814640347633139-0.9743548909023666,68.011-68.011-68.011-68.011-68.011
MAWI1_2020,STATS,header_True,KJL-QS-GMM(full),tuning_False,0|0|4160,79,2.8925130367279053-3.2978918589651585-3.188079847022891-2.735651258379221-2.8123659705743194,0-0-0-0-0,0-0-0-0-0,0-0-0-0-0,0.12462322391336783-0.12394310786388814-0.12378126816125587-0.12441033466020598-0.12388025091029703,0.10504807692307697-0.1122596153846154-0.6754807692307694-0.11418269230769226-0.10360576923076925,72.878-72.878-72.878-72.878-72.878
MAWI1_2020,STATS,header_True,KJL-QS-GMM(full),tuning_True,0|0|4160,79,2.688413648866117-2.531419820152223-2.700268305838108-2.585028050467372-2.7115780636668205,0-0-0-0-0,0-0-0-0-0,0-0-0-0-0,0.1070766926323995-0.10644815331790597-0.10677802810212597-0.10689322322607041-0.10672917691525072,0.9494376386834324-0.9766288369082844-0.9791438609467457-0.994680334689349-0.9816212093195265,69.155-69.155-69.155-69.155-69.155
MAWI1_2020,STATS,header_True,KJL-QS-GMM(diag),tuning_False,0|0|4160,79,2.8881521532312036-2.9155228780582547-3.0632454622536898-2.6978439576923847-2.764861037954688,0-0-0-0-0,0-0-0-0-0,0-0-0-0-0,0.10178011049283668-0.1013954883790575-0.10103233391651883-0.10143520856276154-0.101340001411736,0.10504807692307697-0.1122596153846154-0.1048076923076923-0.11442307692307692-0.10408653846153841,69.676-69.676-69.676-69.676-69.676
MAWI1_2020,STATS,header_True,KJL-QS-GMM(diag),tuning_True,0|0|4160,79,2.7347448505461216-2.546190181747079-2.7189391683787107-2.548871358856559-2.6215442791581154,0-0-0-0-0,0-0-0-0-0,0-0-0-0-0,0.10108953778631985-0.09980846596416086-0.10052837626542896-0.10050316254841164-0.10122490278445184,0.8918807784763313-0.9171091438609461-0.9061623982988165-0.9462823594674558-0.8799824334319524,68.262-68.262-68.262-68.262-68.35
MAWI1_2020,STATS,header_True,Nystrom-QS-GMM(full),tuning_False,0|0|4160,79,2.6734239794313908-2.75308296084404-2.6477148197591305-2.6954229241237044-2.758755565620959,0-0-0-0-0,0-0-0-0-0,0-0-0-0-0,0.12450054571963846-0.12419929331401364-0.12445789091754705-0.1238789723534137-0.12439439983107149,0.13197115384615385-0.1317307692307692-0.11057692307692311-0.1278846153846154-0.1322115384615384,72.894-72.894-72.894-72.894-72.894
MAWI1_2020,STATS,header_True,Nystrom-QS-GMM(full),tuning_True,0|0|4160,79,2.601111236959696-2.500412654131651-2.62299183011055-2.457055858336389-2.5128613905981183,0-0-0-0-0,0-0-0-0-0,0-0-0-0-0,0.10711496943607926-0.10652194042224437-0.10759088257327676-0.1067156778392382-0.10673359358683228,0.9803124999999998-0.9853954789201187-0.9040497873520706-0.9579990292159768-0.9737497688609461,69.171-69.171-69.171-69.171-69.171
MAWI1_2020,STATS,header_True,Nystrom-QS-GMM(diag),tuning_False,0|0|4160,79,2.859982510097325-2.486876778304577-2.5839617932215333-2.642658277414739-2.537362585775554,0-0-0-0-0,0-0-0-0-0,0-0-0-0-0,0.10204784713219851-0.10196522362530232-0.10187706524971872-0.1017632238008082-0.10256970840040594,0.13197115384615385-0.1274038461538462-0.18533653846153839-0.12331730769230771-0.13341346153846148,69.692-69.692-69.692-69.692-69.692
MAWI1_2020,STATS,header_True,Nystrom-QS-GMM(diag),tuning_True,0|0|4160,79,2.5911228358745575-2.467541608028114-2.486944753676653-2.4349600579589605-2.4963187212124467,0-0-0-0-0,0-0-0-0-0,0-0-0-0-0,0.10141182266175747-0.10115273365518078-0.10158363012131304-0.10156160542741417-0.10944683521986008,0.8969882581360942-0.9434869637573968-0.8612421412721892-0.9418900240384613-0.9530105861686394,68.366-68.366-68.366-68.366-69.252
MACCDC1,STATS,header_True,OCSVM(rbf),tuning_False,0|0|5000,31,9.361485836096108-9.518495950847864-9.511014997959137-9.78526942897588-9.897083355113864,0-0-0-0-0,0-0-0-0-0,0-0-0-0-0,4.3214551291405225-4.329512520513963-4.323164617898874-4.33478387221694-4.31388532546116,0.49466191999999976-0.49511840000000007-0.4941598400000001-0.50000624-0.49402656000000006,1283.273-1283.273-1281.993-1282.249-1283.017
MACCDC1,STATS,header_True,OCSVM(rbf),tuning_True,0|0|5000,31,9.403925170190632-9.060038640163839-9.575862928293645-9.051648969762027-9.024760970845819,0-0-0-0-0,0-0-0-0-0,0-0-0-0-0,4.3587502718763425-4.357209073060658-4.3642777592805215-4.364147747224197-4.3615075621986765,0.7640355199999997-0.7640241600000002-0.7640360000000003-0.7640143999999996-0.7640284799999999,1280.713-1280.969-1280.713-1280.713-1280.969
MACCDC1,STATS,header_True,KJL-OCSVM(linear),tuning_False,0|0|5000,31,5.163522742688656-5.507529384456575-4.650626176968217-5.084375386126339-4.9814979787915945,0-0-0-0-0,0-0-0-0-0,0-0-0-0-0,0.27195684492588046-0.27164718818385153-0.27238103812094777-0.2733583422936499-0.2734240602934733,0.4805019200000001-0.5250686399999999-0.5018934400000001-0.6715640000000002-0.56876464,269.825-269.873-269.729-269.873-269.777
MACCDC1,STATS,header_True,KJL-OCSVM(linear),tuning_True,0|0|5000,31,4.796124966815114-3.808531714603305-4.506667887791991-5.101433291099966-5.053186141885817,0-0-0-0-0,0-0-0-0-0,0-0-0-0-0,0.2725607643299736-0.2669421408418566-0.2709552235342562-0.2728269469807856-0.27324362154351545,0.4995928000000001-0.5658284800000001-0.5260791999999999-0.6715640000000002-0.56876464,269.729-269.681-269.681-269.873-269.777
MACCDC1,STATS,header_True,Nystrom-OCSVM(linear),tuning_False,0|0|5000,31,5.0361753748729825-4.738110985606909-6.012417264282703-4.872455413453281-4.650216142646968,0-0-0-0-0,0-0-0-0-0,0-0-0-0-0,0.27239511971594765-0.27238465757574887-0.2736898059491068-0.27190450704656544-0.27282023245235903,0.5374460799999999-0.5194504-0.5163853600000001-0.5826804799999998-0.5128304,269.937-269.841-269.985-269.841-269.841
MACCDC1,STATS,header_True,Nystrom-OCSVM(linear),tuning_True,0|0|5000,31,4.965092925354838-4.36062116920948-4.701170262880623-4.964161186479032-4.061781541444361,0-0-0-0-0,0-0-0-0-0,0-0-0-0-0,0.2712539010006003-0.27159165263641627-0.2705979051138274-0.2710420721303672-0.27273445336846636,0.7616548799999998-0.76203088-0.7639524800000003-0.7639352000000001-0.7613956800000001,269.697-269.745-269.697-269.697-269.745
MACCDC1,STATS,header_True,KJL-GMM(full),tuning_False,0|0|5000,31,2.7751087229698896-2.7520671021193266-2.8339667078107595-2.856617532670498-2.926545244641602,0-0-0-0-0,0-0-0-0-0,0-0-0-0-0,0.10456002834253013-0.1049941749451682-0.10554247031919659-0.10481397107243538-0.10469439591048285,0.5703311999999999-0.52218096-0.5718113599999999-0.5751275200000003-0.4420542399999999,29.757-29.757-29.757-29.757-29.757
MACCDC1,STATS,header_True,KJL-GMM(full),tuning_True,0|0|5000,31,3.004767998121679-2.777499000541866-3.5729423770681024-2.945248550735414-3.182930273935199,0-0-0-0-0,0-0-0-0-0,0-0-0-0-0,0.1323011344810948-0.14922242407687009-0.1477116795582697-0.14626114559127018-0.13207494688918814,0.7083492799999997-0.7344998399999999-0.71081584-0.7202286400000001-0.7134065599999999,32.491-34.475-33.979-33.979-32.491
MACCDC1,STATS,header_True,KJL-GMM(diag),tuning_False,0|0|5000,31,2.9081612825393677-2.913451734930277-3.001430212520063-3.06397620216012-3.1775866746902466,0-0-0-0-0,0-0-0-0-0,0-0-0-0-0,0.10499348585493863-0.1049512642575428-0.10594534485833719-0.10594922257820144-0.10527097510639578,0.628728-0.28621544-0.52562736-0.6731635200000001-0.367488,29.595-29.595-29.595-29.595-29.595
MACCDC1,STATS,header_True,KJL-GMM(diag),tuning_True,0|0|5000,31,2.6976524479687214-2.131409840658307-2.9642851119861007-2.799078826792538-2.9805791759863496,0-0-0-0-0,0-0-0-0-0,0-0-0-0-0,0.10885958234081045-0.10508661538828164-0.11781291804974899-0.10562908091116696-0.12261691675288602,0.7440991999999998-0.7434288000000002-0.8027064000000002-0.7457753599999997-0.7627528799999997,29.859-29.595-30.745-29.595-31.273
MACCDC1,STATS,header_True,Nystrom-GMM(full),tuning_False,0|0|5000,31,2.913083378225565-2.9094272162765265-2.9573121704161167-2.969214206561446-3.12284470256418,0-0-0-0-0,0-0-0-0-0,0-0-0-0-0,0.1045688576810062-0.1049310695962049-0.10569727189140395-0.10508278404129669-0.10516741823637858,0.5987739200000001-0.6048905600000003-0.6266591999999997-0.6391387999999998-0.6000538400000002,29.773-29.773-29.773-29.773-29.773
MACCDC1,STATS,header_True,Nystrom-GMM(full),tuning_True,0|0|5000,31,3.20730072632432-2.917099420912564-3.291711615398526-3.0775326089933515-2.1681158989667892,0-0-0-0-0,0-0-0-0-0,0-0-0-0-0,0.14910749095957726-0.11336659658001735-0.13528595414711161-0.11320713547524065-0.1051910141366534,0.6728655200000001-0.76161648-0.6714616799999997-0.7308716000000003-0.7404238400000003,34.491-30.52-33.003-30.52-29.773
MACCDC1,STATS,header_True,Nystrom-GMM(diag),tuning_False,0|0|5000,31,2.9545025173574686-2.4836208363994956-2.643625421449542-2.6618138309568167-2.7634463757276535,0-0-0-0-0,0-0-0-0-0,0-0-0-0-0,0.10431971085956321-0.1050697150733322-0.10587229875614866-0.1055650571687147-0.10522745500085876,0.54176656-0.5584936000000001-0.52186856-0.5376201600000002-0.51627408,29.611-29.611-29.611-29.611-29.611
MACCDC1,STATS,header_True,Nystrom-GMM(diag),tuning_True,0|0|5000,31,2.6967613929882646-2.6906460020691156-2.935374313034117-2.8204737082123756-2.5501153115183115,0-0-0-0-0,0-0-0-0-0,0-0-0-0-0,0.11238642111187801-0.11318489862140269-0.11033460859209299-0.11869925927836449-0.11332809685030952,0.7586961600000001-0.8011819200000002-0.7959284799999999-0.8281904000000001-0.7923911999999999,30.233-30.233-30.051-30.761-30.233
MACCDC1,STATS,header_True,KJL-QS-GMM(full),tuning_False,0|0|5000,31,6.933825299143791-6.80253092199564-6.838527045212686-7.191661433316767-7.011600366793573,0-0-0-0-0,0-0-0-0-0,0-0-0-0-0,0.1249333893461153-0.12252980221994221-0.12207499103620649-0.12319733606418595-0.11861679471796378,0.48466559999999986-0.43989471999999985-0.5245471999999999-0.4783051200000001-0.3858883199999999,31.75-31.502-31.254-31.502-31.003
MACCDC1,STATS,header_True,KJL-QS-GMM(full),tuning_True,0|0|5000,31,6.777656132355332-6.757584794424474-6.767947619780898-6.249156869016588-6.533172280527651,0-0-0-0-0,0-0-0-0-0,0-0-0-0-0,0.12346712392522022-0.12246945622609928-0.12358877427177503-0.12070782188326121-0.12256454242626205,0.67996864-0.6674219199999998-0.6871934399999999-0.6927884800000003-0.6555294400000001,31.502-31.502-31.502-31.254-31.502
MACCDC1,STATS,header_True,KJL-QS-GMM(diag),tuning_False,0|0|5000,31,6.873910328373313-6.731503585353494-6.874006298370659-6.798325560986996-6.983829027041793,0-0-0-0-0,0-0-0-0-0,0-0-0-0-0,0.11272035278147087-0.11156655032886192-0.11192844599951059-0.11210846310947091-0.1104508772585541,0.3726959999999999-0.4154744-0.3636775200000001-0.37680256-0.4261985600000003,30.308-30.22-30.132-30.22-30.038
MACCDC1,STATS,header_True,KJL-QS-GMM(diag),tuning_True,0|0|5000,31,6.701454610563815-6.796503978781402-6.789357513189316-6.321088667958975-6.553134263493121,0-0-0-0-0,0-0-0-0-0,0-0-0-0-0,0.11277946096844971-0.11318567572394386-0.11277788343839347-0.1126455565635115-0.11234155698912218,0.6561968000000001-0.6133881600000002-0.72569104-0.6706920000000001-0.5842784000000003,30.22-30.308-30.22-30.22-30.22
MACCDC1,STATS,header_True,Nystrom-QS-GMM(full),tuning_False,0|0|5000,31,6.512896614149213-6.547507278621197-6.8093432523310184-6.837375929579139-7.00010144803673,0-0-0-0-0,0-0-0-0-0,0-0-0-0-0,0.12463152565294877-0.12919631513068452-0.12781523190205918-0.129844772699289-0.12991766944760458,0.5065123199999999-0.60031584-0.5563597600000001-0.5465123199999997-0.53915104,31.766-32.262-32.014-32.262-32.262
MACCDC1,STATS,header_True,Nystrom-QS-GMM(full),tuning_True,0|0|5000,31,6.467283160425723-5.9813518757000566-6.472469210624695-6.356868761591613-5.957490933127701,0-0-0-0-0,0-0-0-0-0,0-0-0-0-0,0.12383772131986916-0.12630898838629945-0.1238453553058207-0.12408753592055291-0.12186263244831935,0.6411731199999997-0.6506438399999999-0.6730697600000001-0.5865827200000001-0.6478724800000001,31.518-31.766-31.518-31.518-31.27
MACCDC1,STATS,header_True,Nystrom-QS-GMM(diag),tuning_False,0|0|5000,31,6.593535200692713-6.497190850786865-6.646377630531788-6.764799330383539-6.979218982160091,0-0-0-0-0,0-0-0-0-0,0-0-0-0-0,0.11301246315008029-0.1170823312876746-0.11511098763206974-0.1161964427959174-0.11638709022896364,0.47605024000000007-0.45047032000000004-0.45720463999999994-0.40211415999999983-0.4624156800000001,30.324-30.5-30.412-30.5-30.5
MACCDC1,STATS,header_True,Nystrom-QS-GMM(diag),tuning_True,0|0|5000,31,6.545629627071321-6.086694411933422-7.190029784105718-6.209353439509869-6.131204165518284,0-0-0-0-0,0-0-0-0-0,0-0-0-0-0,0.11243680773535743-0.11346999948378653-0.11217169409152121-0.11250913055380807-0.11325556847499683,0.7586961600000001-0.7390670399999998-0.7781222400000002-0.7509982399999998-0.7923955199999998,30.236-30.324-30.236-30.236-30.148
SFRIG1_2021,STATS,header_True,OCSVM(rbf),tuning_False,0|0|5000,26,9.29192956816405-8.842801883816719-8.943957142531872-8.950408916920424-8.818991190753877,0-0-0-0-0,0-0-0-0-0,0-0-0-0-0,4.1930202565342185-4.197622451630886-4.192753332408611-4.212514183744788-4.214463168655056,0.7935087200000003-0.79179384-0.7922802399999999-0.7925716000000003-0.7916483199999997,1081.361-1081.793-1081.361-1081.145-1081.577
SFRIG1_2021,STATS,header_True,OCSVM(rbf),tuning_True,0|0|5000,26,8.804187336936593-8.937585558742285-9.011394732631743-8.806992116384208-8.784120901487768,0-0-0-0-0,0-0-0-0-0,0-0-0-0-0,4.1460417148144915-4.147646629891824-4.145373759274371-4.139995787080843-4.143380628493614,0.8614199200000001-0.8609737599999998-0.8619326400000002-0.8614264-0.86083064,1083.953-1084.385-1083.953-1084.169-1083.737
SFRIG1_2021,STATS,header_True,KJL-OCSVM(linear),tuning_False,0|0|5000,26,5.1312646344304085-7.190337195061147-5.589937124401331-6.6696449387818575-7.5382258063182235,0-0-0-0-0,0-0-0-0-0,0-0-0-0-0,0.26797179760877043-0.26893527246546-0.2684356042626314-0.26948974329745395-0.26865130936494097,0.76754968-0.7402562399999997-0.75348832-0.7678480000000001-0.7922346400000002,265.729-265.777-265.777-265.777-265.777
SFRIG1_2021,STATS,header_True,KJL-OCSVM(linear),tuning_True,0|0|5000,26,5.293809030205011-4.631486433558166-6.517665860243142-6.226422600448132-7.8698533503338695,0-0-0-0-0,0-0-0-0-0,0-0-0-0-0,0.2690875206375495-0.268696481527295-0.26971354097360745-0.27085972506087275-0.26953420882113277,0.76754968-0.7636753599999997-0.7717008000000001-0.7734787200000001-0.7922346400000002,265.729-265.681-265.873-265.777-265.777
SFRIG1_2021,STATS,header_True,Nystrom-OCSVM(linear),tuning_False,0|0|5000,26,5.058284838683903-5.114095122553408-4.948095625266433-5.342615582048893-5.126988609321415,0-0-0-0-0,0-0-0-0-0,0-0-0-0-0,0.27023966351524-0.2692003970174119-0.2700607953756116-0.2696146799484268-0.26850969926221296,0.7738776000000004-0.7809165599999998-0.7768371199999997-0.8119619200000001-0.8008010399999996,265.793-265.889-265.841-265.793-265.841
SFRIG1_2021,STATS,header_True,Nystrom-OCSVM(linear),tuning_True,0|0|5000,26,5.120457350276411-4.712810453027487-5.2445285357534885-4.67244812566787-5.256721251644194,0-0-0-0-0,0-0-0-0-0,0-0-0-0-0,0.26991982977371665-0.26744783139321954-0.26824039318133147-0.2679765640036203-0.2677334250858985,0.83166216-0.84107232-0.8410168799999999-0.8419036799999999-0.83112128,265.793-265.841-265.793-265.793-265.745
SFRIG1_2021,STATS,header_True,KJL-GMM(full),tuning_False,0|0|5000,26,3.177381968125701-2.872988687828183-2.9298986718058586-3.4774993946775794-3.159667800180614,0-0-0-0-0,0-0-0-0-0,0-0-0-0-0,0.10190671851625666-0.10083898154785857-0.10073472306830808-0.10087110846536235-0.10049015953904018,0.38847439999999994-0.6944812-0.64260376-0.6776214399999999-0.5169410399999999,25.757-25.757-25.757-25.757-25.757
SFRIG1_2021,STATS,header_True,KJL-GMM(full),tuning_True,0|0|5000,26,2.9637956460937858-3.9976892983540893-3.357004964724183-3.5387585880234838-2.9832963198423386,0-0-0-0-0,0-0-0-0-0,0-0-0-0-0,0.12663952424190938-0.14408982055261732-0.14475158433197066-0.12948772369185463-0.12026452711084858,0.86556768-0.865636-0.8771892799999996-0.8739347199999997-0.8560051200000004,27.995-29.979-29.979-28.491-27.499
SFRIG1_2021,STATS,header_True,KJL-GMM(diag),tuning_False,0|0|5000,26,3.1860421914607286-3.0861692670732737-3.127520945854485-3.1742800986394286-3.1305715860798955,0-0-0-0-0,0-0-0-0-0,0-0-0-0-0,0.1020782325626351-0.10104435799643398-0.10104501303518192-0.10162008507875725-0.10036197799257934,0.22686759999999992-0.4614718399999999-0.24379016000000003-0.23315807999999993-0.20481447999999997,25.595-25.595-25.595-25.595-25.595
SFRIG1_2021,STATS,header_True,KJL-GMM(diag),tuning_True,0|0|5000,26,2.9848044207319617-3.1604886408895254-3.395527785643935-2.579199006780982-3.040897455997765,0-0-0-0-0,0-0-0-0-0,0-0-0-0-0,0.11817412585252896-0.12157230913173407-0.11275626673130318-0.10615718069020659-0.10841963650891558,0.7744184799999997-0.7918428800000002-0.7651996000000001-0.7694363200000001-0.7674963999999999,26.745-27.097-26.393-25.859-26.035
SFRIG1_2021,STATS,header_True,Nystrom-GMM(full),tuning_False,0|0|5000,26,2.8524801414459944-2.818311936222017-2.7883011642843485-2.8543690172955394-2.838706753216684,0-0-0-0-0,0-0-0-0-0,0-0-0-0-0,0.1021663321228698-0.10083849044516682-0.10080717250471935-0.10086842906661332-0.10029860435053706,0.6930596800000002-0.6967655199999999-0.64887872-0.7241099200000001-0.67678328,25.773-25.773-25.773-25.773-25.773
SFRIG1_2021,STATS,header_True,Nystrom-GMM(full),tuning_True,0|0|5000,26,2.725144815631211-2.7110300343483686-2.6339085241779685-3.21944900136441-2.806480390019715,0-0-0-0-0,0-0-0-0-0,0-0-0-0-0,0.13154947808012366-0.11126586057012901-0.1257237314595841-0.11596087459707632-0.11141087220283225,0.8455766400000002-0.8411667999999998-0.8356588800000001-0.81148376-0.8172164800000001,28.507-26.52-28.011-27.016-26.52
SFRIG1_2021,STATS,header_True,Nystrom-GMM(diag),tuning_False,0|0|5000,26,3.208320340141654-3.103705694898963-3.0765604097396135-3.2339619491249323-3.1480979304760695,0-0-0-0-0,0-0-0-0-0,0-0-0-0-0,0.10200546933338046-0.10031936519546435-0.10017233575694263-0.10065048248739913-0.10035702617140486,0.2260352-0.2838217599999999-0.24116671999999992-0.2738539200000001-0.24044648,25.611-25.611-25.611-25.611-25.611
SFRIG1_2021,STATS,header_True,Nystrom-GMM(diag),tuning_True,0|0|5000,26,2.393953401595354-3.1803246214985847-3.059961251914501-3.162087634205818-2.8492845920845866,0-0-0-0-0,0-0-0-0-0,0-0-0-0-0,0.11052049823338166-0.1221494729933329-0.11904511420056224-0.11164433447876945-0.10617823207750916,0.7861632000000002-0.8176097599999999-0.7753538399999997-0.8046686400000002-0.7805474400000004,26.051-27.113-26.585-26.233-25.875
SFRIG1_2021,STATS,header_True,KJL-QS-GMM(full),tuning_False,0|0|5000,26,7.429273907095194-7.209607125259936-7.01976110227406-7.56342969276011-7.457508224062622,0-0-0-0-0,0-0-0-0-0,0-0-0-0-0,0.11826672001043334-0.11479188103694468-0.11469599852571263-0.11710762540111318-0.11620821472955868,0.8050628799999998-0.8001965600000002-0.8171860799999999-0.7671079999999999-0.7810365600000004,27.254-27.003-27.003-27.254-27.254
SFRIG1_2021,STATS,header_True,KJL-QS-GMM(full),tuning_True,0|0|5000,26,6.6119746416807175-6.666523485444486-6.603555425070226-7.137119489721954-6.895701590925455,0-0-0-0-0,0-0-0-0-0,0-0-0-0-0,0.11931946591008455-0.11619785233167931-0.11383464404381811-0.11807188522303477-0.11593302591471001,0.84095376-0.84540416-0.8430492800000002-0.8581908800000001-0.8294060799999998,27.254-27.003-26.755-27.254-27.003
SFRIG1_2021,STATS,header_True,KJL-QS-GMM(diag),tuning_False,0|0|5000,26,7.664462869986892-7.2010373109951615-7.013598148711026-7.197608044371009-7.303804703988135,0-0-0-0-0,0-0-0-0-0,0-0-0-0-0,0.10900849184487015-0.10697453777771443-0.10688999893376604-0.10832154201110825-0.10740580217447132,0.37449456000000003-0.6232833600000003-0.55073352-0.39476624000000016-0.37907823999999996,26.132-26.038-26.038-26.132-26.132
SFRIG1_2021,STATS,header_True,KJL-QS-GMM(diag),tuning_True,0|0|5000,26,6.461491073481739-7.020722513087094-6.624825292266905-7.198701858520508-6.820526083931327,0-0-0-0-0,0-0-0-0-0,0-0-0-0-0,0.10882103096228093-0.10902812958927825-0.10828410441055894-0.10929709852905944-0.10854784039314837,0.7662121599999999-0.7276044799999998-0.76423536-0.7794260799999999-0.7674963999999999,25.95-25.95-25.95-26.132-26.038
SFRIG1_2021,STATS,header_True,Nystrom-QS-GMM(full),tuning_False,0|0|5000,26,7.496245177462697-7.12757910694927-7.156062052585185-7.165895809419453-7.337273543700576,0-0-0-0-0,0-0-0-0-0,0-0-0-0-0,0.1164759346516803-0.11452120639150962-0.11455331104574724-0.11697300338651985-0.11658982429653406,0.37898600000000005-0.7705995200000002-0.3525083999999999-0.3687407999999999-0.37800184000000014,27.019-27.019-27.019-27.27-27.27
SFRIG1_2021,STATS,header_True,Nystrom-QS-GMM(full),tuning_True,0|0|5000,26,6.835750360041857-6.704331901855767-6.687644502148032-6.905251634307206-6.768280723132193,0-0-0-0-0,0-0-0-0-0,0-0-0-0-0,0.11941705111181364-0.11329107313649729-0.11624639535788446-0.11626229078276083-0.11606387328589335,0.7946909599999998-0.8304298399999999-0.8141987199999998-0.81433312-0.8064728800000001,27.27-26.771-27.019-27.019-27.019
SFRIG1_2021,STATS,header_True,Nystrom-QS-GMM(diag),tuning_False,0|0|5000,26,7.484964167699218-7.177099164575338-7.086451658047736-7.250272862613201-7.289083528332412,0-0-0-0-0,0-0-0-0-0,0-0-0-0-0,0.10806743891676888-0.1076344995922409-0.10659233844839036-0.10785360392881557-0.10750613048905507,0.3453520799999999-0.35098816-0.52134152-0.35822720000000013-0.3515823999999999,26.054-26.054-26.054-26.148-26.148
SFRIG1_2021,STATS,header_True,Nystrom-QS-GMM(diag),tuning_True,0|0|5000,26,6.716966264881194-6.778723893687129-6.72998558357358-6.680109580978751-6.68366071023047,0-0-0-0-0,0-0-0-0-0,0-0-0-0-0,0.10918652376392857-0.1080716609605588-0.1103772700484842-0.1085054459515959-0.10858784017385915,0.7875665600000002-0.7855574400000002-0.7589797600000001-0.7584135999999999-0.7570522399999997,25.966-25.966-25.966-25.966-25.966
AECHO1_2020,STATS,header_True,OCSVM(rbf),tuning_False,0|0|1120,36,9.396626439876854-9.262513113208115-9.911363844759762-9.533059036359191-9.647087265737355,0-0-0-0-0,0-0-0-0-0,0-0-0-0-0,0.9885303577920422-0.9871379511454142-0.9868597322958521-0.9859196961927228-0.9872470419527963,0.9625924744897959-0.9640290178571429-0.9623724489795917-0.9632844387755104-0.9609486607142854,1481.601-1481.601-1481.305-1481.601-1481.601
AECHO1_2020,STATS,header_True,OCSVM(rbf),tuning_True,0|0|1120,36,10.075123755261302-9.958172105252743-10.582791512832046-9.797642294317484-9.87571196258068,0-0-0-0-0,0-0-0-0-0,0-0-0-0-0,0.876674571649637-0.8781013680645264-0.877277445239015-0.8770467234868556-0.8774407196766697,0.9775637755102038-0.9806234056122451-0.9780389030612241-0.9776945153061227-0.9756026785714288,1482.489-1482.193-1482.193-1481.897-1481.601
AECHO1_2020,STATS,header_True,KJL-OCSVM(linear),tuning_False,0|0|1120,36,5.26324775069952-4.609264097176492-4.772268206812441-4.773519730195403-5.252967219799757,0-0-0-0-0,0-0-0-0-0,0-0-0-0-0,0.06448859320022166-0.06521444221027195-0.06414778892882168-0.06414300780743361-0.06442492379574105,0.7988456632653061-0.7783609693877555-0.8245440051020408-0.7870471938775511-0.789357461734694,273.729-273.729-273.729-273.729-273.729
AECHO1_2020,STATS,header_True,KJL-OCSVM(linear),tuning_True,0|0|1120,36,4.277115452103317-4.678610295988619-4.914255928248167-4.965933030471206-5.271280902437866,0-0-0-0-0,0-0-0-0-0,0-0-0-0-0,0.06355302424402907-0.06420160631649197-0.06334043625975028-0.0637615197710693-0.06323448421899229,0.915175382653061-0.9162133290816321-0.9218303571428571-0.9201116071428572-0.913408801020408,273.681-273.681-273.681-273.681-273.681
AECHO1_2020,STATS,header_True,Nystrom-OCSVM(linear),tuning_False,0|0|1120,36,4.959521518088877-4.558484178967774-4.867023779079318-4.554626836441457-4.931455807760358,0-0-0-0-0,0-0-0-0-0,0-0-0-0-0,0.06390467029530555-0.06490797879640013-0.06402609424199909-0.06401685462566092-0.0646257574763149,0.939748086734694-0.9514205994897956-0.9424968112244898-0.9399553571428574-0.9430771683673475,273.841-273.745-273.793-273.745-273.793
AECHO1_2020,STATS,header_True,Nystrom-OCSVM(linear),tuning_True,0|0|1120,36,4.803484484553337-4.974066327326-4.7422324772924185-4.993769897148013-4.992662522010505,0-0-0-0-0,0-0-0-0-0,0-0-0-0-0,0.06384700967930257-0.06344249218003824-0.06433536121156067-0.06328799689887092-0.06362396554788574,0.9429464285714285-0.9526913265306122-0.9435475127551024-0.9439381377551018-0.9335714285714283,273.793-273.745-273.793-273.745-273.697
AECHO1_2020,STATS,header_True,KJL-GMM(full),tuning_False,0|0|1120,36,2.9909961661323905-2.5836532302200794-2.9718460012227297-2.9338259901851416-3.131672617048025,0-0-0-0-0,0-0-0-0-0,0-0-0-0-0,0.02622672716388479-0.02597692309645936-0.026118317141663284-0.02619182226713747-0.026585553328040988,0.23705516581632655-0.3979033801020409-0.533638392857143-0.38924426020408154-0.40773596938775514,33.757-33.757-33.757-33.757-33.757
AECHO1_2020,STATS,header_True,KJL-GMM(full),tuning_True,0|0|1120,36,3.1729671722278-2.9915531212463975-3.174028060398996-2.810192477889359-2.9343308992683887,0-0-0-0-0,0-0-0-0-0,0-0-0-0-0,0.03226558932103216-0.02992481380002573-0.028147768420167266-0.028408260375726968-0.0283622514270246,0.9827359693877555-0.9712388392857144-0.9847273596938776-0.9871237244897958-0.9788297193877554,35.995-35.0-34.504-34.504-34.504
AECHO1_2020,STATS,header_True,KJL-GMM(diag),tuning_False,0|0|1120,36,3.0658820094540715-2.902602979913354-2.901094937697053-2.791730735450983-2.861176890321076,0-0-0-0-0,0-0-0-0-0,0-0-0-0-0,0.02520808462286368-0.025539334525819867-0.02541912985034287-0.025262377846520395-0.025885545203927905,0.6312388392857143-0.06839923469387756-0.259390943877551-0.23002710459183676-0.044258609693877536,33.595-33.595-33.595-33.595-33.595
AECHO1_2020,STATS,header_True,KJL-GMM(diag),tuning_True,0|0|1120,36,3.3682554131373763-3.4009730387479067-2.350740546360612-3.38888621609658-3.053240898065269,0-0-0-0-0,0-0-0-0-0,0-0-0-0-0,0.029092863565310836-0.02835356565658003-0.02718425304396078-0.028892590310424567-0.027096308497712017,0.9546348852040815-0.9803778698979592-0.9777566964285712-0.9728667091836737-0.9844276147959187,34.921-34.569-34.035-34.745-34.035
AECHO1_2020,STATS,header_True,Nystrom-GMM(full),tuning_False,0|0|1120,36,3.126021159812808-2.9529709899798036-3.062926138751209-2.9723016414791346-2.8952674539759755,0-0-0-0-0,0-0-0-0-0,0-0-0-0-0,0.025763488241937013-0.025910327315796167-0.02597105873981491-0.025823670797981323-0.026010805950500072,0.6041980229591835-0.5013711734693879-0.6084390943877551-0.6681218112244899-0.7430038265306124,33.773-33.773-33.773-33.773-33.773
AECHO1_2020,STATS,header_True,Nystrom-GMM(full),tuning_True,0|0|1120,36,3.2334487196058035-3.132372391410172-2.496363948099315-3.545199589803815-3.4566496051847935,0-0-0-0-0,0-0-0-0-0,0-0-0-0-0,0.03668590285582468-0.03796058257808909-0.03206851116614416-0.038046835120767356-0.03439609262626618,0.9751674107142861-0.9596221301020411-0.977638711734694-0.975908801020408-0.9648198341836733,37.995-38.491-36.011-38.491-37.003
AECHO1_2020,STATS,header_True,Nystrom-GMM(diag),tuning_False,0|0|1120,36,3.0244711069390178-2.7773567466065288-2.9493121318519115-2.795561658218503-3.03669554926455,0-0-0-0-0,0-0-0-0-0,0-0-0-0-0,0.025138364187441767-0.02551015646662563-0.025242491592653096-0.025397414204198866-0.025282912128604947,0.27966836734693873-0.44920918367346924-0.4394451530612244-0.44312818877551025-0.11024872448979593,33.611-33.611-33.611-33.611-33.611
AECHO1_2020,STATS,header_True,Nystrom-GMM(diag),tuning_True,0|0|1120,36,2.7985201496630907-3.215194184333086-2.7016917783766985-3.1303333323448896-3.109929400496185,0-0-0-0-0,0-0-0-0-0,0-0-0-0-0,0.03008500052848831-0.030118155917152764-0.028899110108613967-0.028836139102932066-0.02811332009267062,0.9800876913265307-0.9681536989795917-0.9819116709183675-0.9839827806122452-0.9822815688775514,35.113-35.113-34.761-34.761-34.409
AECHO1_2020,STATS,header_True,KJL-QS-GMM(full),tuning_False,0|0|1120,36,7.1608861377462745-7.542486377991736-7.253921842202544-7.6564368745312095-7.696967129595578,0-0-0-0-0,0-0-0-0-0,0-0-0-0-0,0.03406776846852153-0.03216443756595254-0.0325582859525457-0.03398973042378202-0.03334013307467103,0.16354113520408162-0.8269882015306125-0.7868351403061224-0.4187228954081635-0.29331951530612255,36.742-35.998-36.246-36.742-36.494
AECHO1_2020,STATS,header_True,KJL-QS-GMM(full),tuning_True,0|0|1120,36,7.42390935216099-7.681165014393628-7.214921546168625-7.589465285651386-7.602717440575361,0-0-0-0-0,0-0-0-0-0,0-0-0-0-0,0.03453323824331164-0.03395673303399235-0.03395324803655967-0.0335979561903514-0.03312602868769318,0.9761957908163263-0.963738839285714-0.9406393494897959-0.9671141581632656-0.9618351403061223,36.742-36.742-36.742-36.742-36.494
AECHO1_2020,STATS,header_True,KJL-QS-GMM(diag),tuning_False,0|0|1120,36,7.4196496065706015-6.8995268708094954-7.107314550317824-6.963580260053277-7.661286531016231,0-0-0-0-0,0-0-0-0-0,0-0-0-0-0,0.028322869890835135-0.028085273841861637-0.028434239260386674-0.02811809136532247-0.027871951751876622,0.15914221938775513-0.772519132653061-0.4588855229591837-0.09512914540816324-0.13768335459183673,34.66-34.396-34.484-34.66-34.572
AECHO1_2020,STATS,header_True,KJL-QS-GMM(diag),tuning_True,0|0|1120,36,6.768698872067034-6.9687683042138815-6.974409393034875-6.80338448099792-7.066070385277271,0-0-0-0-0,0-0-0-0-0,0-0-0-0-0,0.028821214698255063-0.028301287437789143-0.028497850166168064-0.02849539146060124-0.028523263710085303,0.9588759566326531-0.9803778698979592-0.9676514668367351-0.9687308673469386-0.9750908801020408,34.66-34.572-34.572-34.66-34.572
AECHO1_2020,STATS,header_True,Nystrom-QS-GMM(full),tuning_False,0|0|1120,36,7.4232834139838815-7.415274020284414-7.2889809450134635-7.033040527254343-7.226618115790188,0-0-0-0-0,0-0-0-0-0,0-0-0-0-0,0.035824854038655755-0.036267842100933194-0.033746150201186535-0.03564786738483235-0.03568514748243615,0.5889668367346939-0.25846301020408174-0.2505197704081633-0.5203252551020409-0.7545711096938779,37.502-37.75-36.758-37.502-37.502
AECHO1_2020,STATS,header_True,Nystrom-QS-GMM(full),tuning_True,0|0|1120,36,6.844929575920105-7.6913486467674375-6.80347063485533-7.251267185434699-7.671013319864869,0-0-0-0-0,0-0-0-0-0,0-0-0-0-0,0.034826473521534354-0.034945436457637695-0.03468592301011086-0.03428241081535816-0.03503079053014517,0.9676227678571427-0.9656106505102038-0.9792299107142857-0.9686862244897959-0.9855612244897962,37.006-37.254-37.006-37.006-37.254
AECHO1_2020,STATS,header_True,Nystrom-QS-GMM(diag),tuning_False,0|0|1120,36,7.654047631658614-6.811468871310353-7.214009316638112-6.920825490728021-7.170946450904012,0-0-0-0-0,0-0-0-0-0,0-0-0-0-0,0.0285744267096743-0.028966059167869387-0.02830446552019566-0.02885423936182633-0.029033379862084985,0.26024075255102036-0.25386957908163277-0.24621014030612243-0.24619738520408152-0.5519882015306122,34.94-35.028-34.676-34.94-34.94
AECHO1_2020,STATS,header_True,Nystrom-QS-GMM(diag),tuning_True,0|0|1120,36,6.998697869479656-7.190427909605205-6.470949495211244-7.377216718159616-7.130582700483501,0-0-0-0-0,0-0-0-0-0,0-0-0-0-0,0.028817112373653798-0.028710232854355127-0.02907064331229776-0.028901221684645862-0.02871127928374335,0.9765003188775512-0.961747448979592-0.9819116709183675-0.9839827806122452-0.9619690688775507,34.764-34.852-34.764-34.764-34.852
DWSHR_AECHO_2020,STATS,header_True,OCSVM(rbf),tuning_False,0|0|2032,33,9.38689544890076-9.776326998136938-9.972748581320047-9.862291840836406-9.530601347796619,0-0-0-0-0,0-0-0-0-0,0-0-0-0-0,1.7466978004365228-1.7490583925368264-1.7440916144684888-1.7470153754227795-1.746618560377974,0.3761038928327857-0.38092585560171116-0.3812377937255875-0.3884147924545847-0.3739411541323083,1361.529-1362.073-1361.801-1361.529-1362.073
DWSHR_AECHO_2020,STATS,header_True,OCSVM(rbf),tuning_True,0|0|2032,33,9.094914901070297-8.764760379679501-9.445859818719327-9.576356132514775-9.412150744348764,0-0-0-0-0,0-0-0-0-0,0-0-0-0-0,1.6972265183296986-1.6966075975541026-1.6981808575661852-1.6989322732784786-1.6957053932570851,0.6474605136710272-0.656523188046376-0.6511630835761669-0.6464481678963361-0.6480441867133733,1363.705-1363.161-1363.433-1363.433-1362.889
DWSHR_AECHO_2020,STATS,header_True,KJL-OCSVM(linear),tuning_False,0|0|2032,33,4.347666825167835-4.6846674513071775-5.836214645765722-5.095798721536994-5.424601813778281,0-0-0-0-0,0-0-0-0-0,0-0-0-0-0,0.11059072635369376-0.1102615624642931-0.11006875080987812-0.11001019870163872-0.11012741963844747,0.41044082088164174-0.4377557505115009-0.3185924809349618-0.4478884114018226-0.34899336986173957,271.329-271.329-271.377-271.329-271.377
DWSHR_AECHO_2020,STATS,header_True,KJL-OCSVM(linear),tuning_True,0|0|2032,33,6.00249963440001-5.117875322699547-5.5821867967024446-3.6370495231822133-6.7627761252224445,0-0-0-0-0,0-0-0-0-0,0-0-0-0-0,0.1091054732305929-0.11007469248725102-0.11052218029974029-0.10886503154877573-0.10985046250279992,0.5095983941967883-0.47837261299522593-0.43278314681629354-0.5453138562527124-0.39106142274784544,271.473-271.281-271.377-271.281-271.377
DWSHR_AECHO_2020,STATS,header_True,Nystrom-OCSVM(linear),tuning_False,0|0|2032,33,4.903192329220474-4.869290035218-4.895411027595401-5.424217265099287-4.998288043774664,0-0-0-0-0,0-0-0-0-0,0-0-0-0-0,0.11099017887376249-0.11041540306527167-0.11033170819515363-0.11063006005715578-0.11186728980625048,0.34351653078306166-0.35302676855353693-0.3440803444106889-0.33998203933907867-0.34118377611755235,271.393-271.345-271.345-271.441-271.393
DWSHR_AECHO_2020,STATS,header_True,Nystrom-OCSVM(linear),tuning_True,0|0|2032,33,4.7671195873990655-4.611860024742782-4.752862358465791-5.100950138643384-5.015538014471531,0-0-0-0-0,0-0-0-0-0,0-0-0-0-0,0.10944631513208151-0.10920933958375827-0.10997119235806167-0.11150045035872608-0.10966706612147391,0.51217866498233-0.5369326988653979-0.4934812682125365-0.5253217225184449-0.4717681466612933,271.345-271.393-271.441-271.393-271.345
DWSHR_AECHO_2020,STATS,header_True,KJL-GMM(full),tuning_False,0|0|2032,33,2.555593908764422-2.8510707756504416-3.0288971960544586-2.9129103161394596-2.8543464178219438,0-0-0-0-0,0-0-0-0-0,0-0-0-0-0,0.041874102766159924-0.04179993509314954-0.041664892069529745-0.04185695090098306-0.04194080703658983,0.37219982252464495-0.38161173197346393-0.364215853431707-0.4214395460040921-0.39859153155806304,31.357-31.357-31.357-31.357-31.357
DWSHR_AECHO_2020,STATS,header_True,KJL-GMM(full),tuning_True,0|0|2032,33,3.7335903020575643-2.7287436220794916-3.8505231803283095-3.828813111409545-4.205734504386783,0-0-0-0-0,0-0-0-0-0,0-0-0-0-0,0.05683043680852279-0.05101893054088578-0.061517494102008644-0.06218276790808886-0.06229036547243595,0.7647579670159342-0.7951632153264306-0.750880595511191-0.7536153822307644-0.7806658425816851,35.083-33.595-36.075-36.075-36.075
DWSHR_AECHO_2020,STATS,header_True,KJL-GMM(diag),tuning_False,0|0|2032,33,2.733196954242885-3.0129047743976116-3.2183196963742375-2.8767431238666177-2.8054063227027655,0-0-0-0-0,0-0-0-0-0,0-0-0-0-0,0.04373155612265691-0.043269230122677985-0.04336755848955363-0.04342105390504002-0.04317360232351348,0.4446513268026538-0.49913781077562164-0.6414939704879411-0.4309565650381301-0.4300246256742513,31.195-31.195-31.195-31.195-31.195
DWSHR_AECHO_2020,STATS,header_True,KJL-GMM(diag),tuning_True,0|0|2032,33,3.405926877632737-4.229287943802774-3.2826789570972323-3.5704069640487432-3.551464927382767,0-0-0-0-0,0-0-0-0-0,0-0-0-0-0,0.04940432725707069-0.048120659189298746-0.043676719872746614-0.04804671036545187-0.0495366287836805,0.6110102532705064-0.7440349099448197-0.6414939704879411-0.7333951074152147-0.6656866126232249,32.873-32.873-31.195-32.521-32.697
DWSHR_AECHO_2020,STATS,header_True,Nystrom-GMM(full),tuning_False,0|0|2032,33,2.6946092024445534-2.823374175466597-3.232043349184096-2.9121077759191394-3.1300016483291984,0-0-0-0-0,0-0-0-0-0,0-0-0-0-0,0.0419307877891697-0.04171373748918995-0.04187051657354459-0.04173733951989561-0.04191040012519807,0.38300770351540714-0.38670058590117196-0.3695357546965093-0.40288891515283026-0.37210246295492605,31.373-31.373-31.373-31.373-31.373
DWSHR_AECHO_2020,STATS,header_True,Nystrom-GMM(full),tuning_True,0|0|2032,33,3.1961602428928018-3.446045557036996-3.986039036884904-3.9528458127751946-3.2248664628714323,0-0-0-0-0,0-0-0-0-0,0-0-0-0-0,0.061671677236445246-0.06035824606195092-0.061800355953164396-0.06007930421503261-0.061816308649722485,0.7272556420112839-0.7979798615847232-0.7455640848781698-0.7978723301196602-0.7623128371256742,36.091-35.595-36.091-35.595-36.091
DWSHR_AECHO_2020,STATS,header_True,Nystrom-GMM(diag),tuning_False,0|0|2032,33,2.4126600651070476-2.7646129205822945-2.8511750865727663-2.922872357070446-3.0833188090473413,0-0-0-0-0,0-0-0-0-0,0-0-0-0-0,0.043724771896377204-0.04347307204268873-0.04330045774113387-0.043810615721158686-0.04365497451275587,0.4707756603013207-0.4657032751565503-0.4326504278008559-0.5123046027342056-0.4475730826461654,31.211-31.211-31.211-31.211-31.211
DWSHR_AECHO_2020,STATS,header_True,Nystrom-GMM(diag),tuning_True,0|0|2032,33,3.6116606649011374-3.233188286423683-3.3283186685293913-3.166353818960488-3.4977217484265566,0-0-0-0-0,0-0-0-0-0,0-0-0-0-0,0.04795249016257003-0.045033255952876064-0.04941910037072375-0.049391612659674136-0.049405844474676996,0.704130564511129-0.7114911417322832-0.6471989506479013-0.753698210521421-0.7225218356686715,32.537-31.833-32.889-32.889-32.889
DWSHR_AECHO_2020,STATS,header_True,KJL-QS-GMM(full),tuning_False,0|0|2032,33,7.263400047086179-7.700317085720599-7.741395561955869-7.7630373714491725-7.640104878693819,0-0-0-0-0,0-0-0-0-0,0-0-0-0-0,0.04811444681603461-0.04693096330622211-0.04773190737236291-0.04735686143860221-0.046796184028498826,0.6337628456506915-0.5842940123380248-0.5568240823981646-0.6077838249426498-0.6524752580755162,32.603-32.355-32.603-32.603-32.355
DWSHR_AECHO_2020,STATS,header_True,KJL-QS-GMM(full),tuning_True,0|0|2032,33,7.834503347054124-7.458371739834547-7.804890935309231-7.921142706647515-8.07359607052058,0-0-0-0-0,0-0-0-0-0,0-0-0-0-0,0.04810373316984624-0.047671158455777914-0.047469495229888706-0.04783350503537804-0.060512468081433325,0.6405571873643748-0.7417094209188417-0.6178971107942218-0.662174402473805-0.7555964799429602,32.603-32.854-32.854-32.603-36.078
DWSHR_AECHO_2020,STATS,header_True,KJL-QS-GMM(diag),tuning_False,0|0|2032,33,7.263676163740456-7.596857722848654-7.790660156868398-8.098911229521036-7.8404518365859985,0-0-0-0-0,0-0-0-0-0,0-0-0-0-0,0.04421868632547557-0.043673031008802356-0.04387365805683657-0.044203227236866954-0.0438610558048822,0.5898832266414535-0.597764508029016-0.5419673026846052-0.6101722828445658-0.6011846867443734,31.638-31.55-31.638-31.638-31.55
DWSHR_AECHO_2020,STATS,header_True,KJL-QS-GMM(diag),tuning_True,0|0|2032,33,7.4476168202236295-7.557548174634576-7.926101375371218-7.871786344796419-7.591186325997114,0-0-0-0-0,0-0-0-0-0,0-0-0-0-0,0.044141313766594976-0.04385852709878236-0.04381890875753015-0.04422925448743627-0.044404080640524625,0.5898832266414535-0.6243770925041847-0.6194132075764153-0.6055566642383284-0.5889575841651682,31.638-31.732-31.732-31.638-31.638
DWSHR_AECHO_2020,STATS,header_True,Nystrom-QS-GMM(full),tuning_False,0|0|2032,33,7.42674152739346-8.121535499580204-8.052754724398255-7.598580351099372-7.879340970888734,0-0-0-0-0,0-0-0-0-0,0-0-0-0-0,0.05009211755823344-0.0486534845805727-0.04857124632690102-0.04835822887718678-0.04875981188146397,0.6125379750759503-0.6332702352904703-0.6133681954863909-0.7174620442990881-0.6591862871225744,33.118-32.87-32.87-32.87-32.87
DWSHR_AECHO_2020,STATS,header_True,Nystrom-QS-GMM(full),tuning_True,0|0|2032,33,7.613233773037791-8.058232046663761-8.105693385004997-7.355406052432954-7.899782611057162,0-0-0-0-0,0-0-0-0-0,0-0-0-0-0,0.048482991370838134-0.04943491623736918-0.049941890274640174-0.047907428327016534-0.04932451781118288,0.6860880440510881-0.7044386276272551-0.6735296283092564-0.722658914067828-0.6706926382602765,32.87-32.87-33.118-32.619-32.87
DWSHR_AECHO_2020,STATS,header_True,Nystrom-QS-GMM(diag),tuning_False,0|0|2032,33,7.454076920635998-8.046935506165028-7.970309356227517-7.921064601279795-7.906121496111155,0-0-0-0-0,0-0-0-0-0,0-0-0-0-0,0.044681824645958844-0.04452685296535492-0.04425590317696333-0.04430858982494101-0.04463760990882292,0.638442401884804-0.6084353106206212-0.6313240126480251-0.6363925227850453-0.6357328027156055,31.836-31.748-31.748-31.748-31.748
DWSHR_AECHO_2020,STATS,header_True,Nystrom-QS-GMM(diag),tuning_True,0|0|2032,33,7.622338201850653-8.106724726967514-7.8791565941646695-7.797504519112408-7.741891616024077,0-0-0-0-0,0-0-0-0-0,0-0-0-0-0,0.04438698725309223-0.04439134910237044-0.04453615649603307-0.044707478096242995-0.044784451050218194,0.638442401884804-0.6509034580569163-0.6313240126480251-0.7005277760555522-0.6877387973525948,31.836-31.748-31.748-31.748-31.748
