,0_0|0_0|0_0,
,0_0|0_0|0_0,
,0_0|0_0|0_0,
,0_0|0_0|0_0,
,0_0|0_0|0_0,
,0_0|0_0|0_0,
UNB3_345,IAT+SIZE,header_False,KDE,tuning_False,0|0|1854,43,0.00214775325730443-0.0023901688400655985-0.0014518310781568289-0.0011999399866908789-0.003307353937998414,0-0-0-0-0,0-0-0-0-0,0-0-0-0-0,0.34616915295133366-0.3123391331452876-0.30444440103368836-0.2996807112870738-0.27414039716124533,0.5572080076431728-0.5566540870842251-0.557949283685294-0.5630870132393994-0.5572080076431728,375.371-375.371-375.371-375.371-375.371
UNB3_345,IAT+SIZE,header_False,KDE,tuning_True,0|0|1854,43,0.004038610961288214-0.0018172429408878088-0.0012424669694155455-0.0012493159156292677-0.0013669999316334724,0-0-0-0-0,0-0-0-0-0,0-0-0-0-0,0.13402302302187308-0.15969594332855194-0.22673517626477405-0.2052792479027994-0.2885100172739476,0.6993526344391963-0.7388869687861107-0.7344940063700863-0.7313939131578246-0.7157386751756311,375.371-375.371-375.371-375.371-375.371
UNB3_345,IAT+SIZE,header_False,GMM(full),tuning_False,0|0|1854,43,0.0101059649605304-0.010430966271087527-0.008668902097269893-0.006547288270667195-0.009151129983365536,0-0-0-0-0,0-0-0-0-0,0-0-0-0-0,0.0011397125362418593-0.0007816073996946216-0.0011492285784333945-0.0017619259539060294-0.0012858889694325627,0.6906551507047943-0.6680316851869307-0.668819509175182-0.6903432794657227-0.7022537351817526,15.606-15.606-15.606-15.606-15.606
UNB3_345,IAT+SIZE,header_False,GMM(full),tuning_True,0|0|1854,43,0.007689142134040594-0.07615794753655791-0.0739974610041827-0.006359232822433114-0.008064915891736746,0-0-0-0-0,0-0-0-0-0,0-0-0-0-0,0.000854172024410218-0.007457753363996744-0.008890944535378366-0.0012464254768565297-0.0009246765496209264,0.6906551507047943-0.6791997011621861-0.6722884948605248-0.6903432794657227-0.7022537351817526,15.606-151.902-151.902-15.606-15.606
,0_0|0_0|0_0,
,0_0|0_0|0_0,
,0_0|0_0|0_0,
,0_0|0_0|0_0,
,0_0|0_0|0_0,
,0_0|0_0|0_0,
,0_0|0_0|0_0,
,0_0|0_0|0_0,
,0_0|0_0|0_0,
,0_0|0_0|0_0,
,0_0|0_0|0_0,
,0_0|0_0|0_0,
,0_0|0_0|0_0,
,0_0|0_0|0_0,
,0_0|0_0|0_0,
,0_0|0_0|0_0,
,0_0|0_0|0_0,
,0_0|0_0|0_0,
CTU1,IAT+SIZE,header_False,OCSVM(rbf),tuning_False,0|0|5000,23,0.057210506638512015-0.05506498273462057-0.07167354202829301-0.06350342184305191-0.06649178895168006,0-0-0-0-0,0-0-0-0-0,0-0-0-0-0,0.04684213075088337-0.05114269999088719-0.05397229498019442-0.04757998641580343-0.05445457796566188,0.5523043999999997-0.5701080000000001-0.5330567999999998-0.5608664000000001-0.5604968800000003,97.289-97.673-97.289-97.673-97.289
CTU1,IAT+SIZE,header_False,OCSVM(rbf),tuning_True,0|0|5000,23,0.06438064994290471-0.05490743019618094-0.05891400692053139-0.05648527666926384-0.04674140177667141,0-0-0-0-0,0-0-0-0-0,0-0-0-0-0,0.09510852713836357-0.08845460703829304-0.08617165229283273-0.06911362811224535-0.060601998050697145,0.6727488800000002-0.7144476800000003-0.6958404800000001-0.6909806400000004-0.6480097599999999,98.441-99.017-98.441-99.209-97.097
,0_0|0_0|0_0,
,0_0|0_0|0_0,
,0_0|0_0|0_0,
,0_0|0_0|0_0,
CTU1,IAT+SIZE,header_False,KDE,tuning_False,0|0|5000,23,0.0008286410011351109-0.0007079408969730139-0.0006896080449223518-0.0007312130182981491-0.0006775439251214266,0-0-0-0-0,0-0-0-0-0,0-0-0-0-0,0.6098129269503988-0.5826554966787808-0.638972847268451-0.6423059841431678-0.6679940589261242,0.45323327999999996-0.4526352-0.45267055999999994-0.45362847999999995-0.45325551999999997,205.492-205.492-205.492-205.492-205.492
CTU1,IAT+SIZE,header_False,KDE,tuning_True,0|0|5000,23,0.0006946148350834846-0.0008200411684811115-0.0009212389122694731-0.0007619189564138651-0.0006935230921953917,0-0-0-0-0,0-0-0-0-0,0-0-0-0-0,0.5201707449438981-0.46904707486741243-0.4796179003128782-0.5176579613960348-0.6090776834543794,0.47899584000000006-0.4737734400000002-0.49002751999999994-0.48607664000000006-0.5123096000000001,205.492-205.492-205.492-205.492-205.492
CTU1,IAT+SIZE,header_False,GMM(full),tuning_False,0|0|5000,23,0.006059400737285614-0.005163934081792831-0.006360878003761172-0.005214827600866556-0.008562738308683038,0-0-0-0-0,0-0-0-0-0,0-0-0-0-0,0.0021134685119614006-0.002062530256807804-0.0020396673190407454-0.0032806584611535074-0.0017678097472526133,0.6693660800000001-0.7152243200000001-0.71762096-0.7216380800000002-0.7161395200000001,4.883-4.883-4.883-4.883-4.883
CTU1,IAT+SIZE,header_False,GMM(full),tuning_True,0|0|5000,23,0.018859630217775702-0.02699565701186657-0.010194513946771622-0.015283363638445735-0.01574834599159658,0-0-0-0-0,0-0-0-0-0,0-0-0-0-0,0.02025980774080381-0.023494868422858417-0.007355194799602032-0.008384797961916775-0.007763205540832132,0.74596672-0.76930544-0.7605976000000001-0.77364496-0.80638992,44.702-44.702-18.158-27.006-27.006
,0_0|0_0|0_0,
,0_0|0_0|0_0,
,0_0|0_0|0_0,
,0_0|0_0|0_0,
,0_0|0_0|0_0,
,0_0|0_0|0_0,
,0_0|0_0|0_0,
,0_0|0_0|0_0,
,0_0|0_0|0_0,
,0_0|0_0|0_0,
,0_0|0_0|0_0,
,0_0|0_0|0_0,
,0_0|0_0|0_0,
,0_0|0_0|0_0,
,0_0|0_0|0_0,
,0_0|0_0|0_0,
,0_0|0_0|0_0,
,0_0|0_0|0_0,
MAWI1_2020,IAT+SIZE,header_False,OCSVM(rbf),tuning_False,0|0|4160,121,0.14628533436916769-0.13547144480980933-0.14770667697302997-0.16183085180819035-0.1394367623142898,0-0-0-0-0,0-0-0-0-0,0-0-0-0-0,0.047084122986998406-0.047128811462316664-0.057610792962368575-0.050548186956439166-0.04072496024658903,0.9576923076923077-0.955854752218935-0.9584134615384612-0.9593749999999995-0.95625,496.521-493.593-495.545-494.569-496.521
MAWI1_2020,IAT+SIZE,header_False,OCSVM(rbf),tuning_True,0|0|4160,121,0.12935718498192728-0.1259640953503549-0.12475896207615733-0.13505476899445057-0.13243980915285647,0-0-0-0-0,0-0-0-0-0,0-0-0-0-0,0.05577250320930034-0.04768696870421991-0.05168248567963019-0.04828964335843921-0.04618376655038446,0.9936845876479289-0.9931021172337279-0.9931319341715976-0.9919295488165681-0.9882971985946746,488.713-489.689-489.689-489.689-489.689
,0_0|0_0|0_0,
,0_0|0_0|0_0,
,0_0|0_0|0_0,
,0_0|0_0|0_0,
MAWI1_2020,IAT+SIZE,header_False,KDE,tuning_False,0|0|4160,121,0.006127632921561599-0.0026304489001631737-0.0026708669029176235-0.002713455120101571-0.0030347928404808044,0-0-0-0-0,0-0-0-0-0,0-0-0-0-0,0.8053522686171345-0.9156448524724692-0.8110912380134687-0.8371865303791128-0.8745010932534933,0.9913505454881654-0.9844787814349111-0.9888341346153847-0.9871923539201184-0.9894159116124258,1038.1-1038.1-1038.1-1038.1-1038.1
MAWI1_2020,IAT+SIZE,header_False,KDE,tuning_True,0|0|4160,121,0.002717968076467514-0.0025809830985963345-0.002579379128292203-0.0028350078500807285-0.007324433187022805,0-0-0-0-0,0-0-0-0-0,0-0-0-0-0,2.0296603582426904-1.6453001915779897-1.6509297224949113-0.830226101311855-1.7046567838615738,0.9950256564349111-0.9950852903106511-0.9950797429733726-0.9866972540680474-0.993730353180473,1038.1-1038.1-1038.1-1038.1-1038.1
MAWI1_2020,IAT+SIZE,header_False,GMM(full),tuning_False,0|0|4160,121,0.02436910173855722-0.014382135588675737-0.016511803027242422-0.014991895761340857-0.012417958118021488,0-0-0-0-0,0-0-0-0-0,0-0-0-0-0,0.014957567215897144-0.008715050588361918-0.01202796831028536-0.016663296059705318-0.007056028353981674,0.9724759615384619-0.955490477071006-0.9775718842455621-0.893269230769231-0.9217363165680471,118.566-118.566-118.566-118.566-118.566
MAWI1_2020,IAT+SIZE,header_False,GMM(full),tuning_True,0|0|4160,121,0.17295186268165708-0.01630681147798896-0.1589106551837176-0.013890970731154084-0.1666937090922147,0-0-0-0-0,0-0-0-0-0,0-0-0-0-0,0.18764796236297115-0.018366800993680953-0.1299707314558327-0.007800490071531385-0.15347797765163704,0.9901973927514796-0.955490477071006-0.9859312592455622-0.893269230769231-0.986334134615385,2362.542-118.566-2362.542-118.566-2362.542
,0_0|0_0|0_0,
,0_0|0_0|0_0,
,0_0|0_0|0_0,
,0_0|0_0|0_0,
,0_0|0_0|0_0,
,0_0|0_0|0_0,
,0_0|0_0|0_0,
,0_0|0_0|0_0,
,0_0|0_0|0_0,
,0_0|0_0|0_0,
,0_0|0_0|0_0,
,0_0|0_0|0_0,
,0_0|0_0|0_0,
,0_0|0_0|0_0,
,0_0|0_0|0_0,
,0_0|0_0|0_0,
,0_0|0_0|0_0,
,0_0|0_0|0_0,
MACCDC1,IAT+SIZE,header_False,OCSVM(rbf),tuning_False,0|0|5000,25,0.06117765395902097-0.056416377890855074-0.0551661909557879-0.057404955150559545-0.05473289918154478,0-0-0-0-0,0-0-0-0-0,0-0-0-0-0,0.07141677787993103-0.07638623755192384-0.06310645921621472-0.06753177882870659-0.07842833080329001,0.7891223200000002-0.8234087200000001-0.7690007199999997-0.7846451999999999-0.75624544,105.337-105.753-105.129-105.129-105.129
MACCDC1,IAT+SIZE,header_False,OCSVM(rbf),tuning_True,0|0|5000,25,0.05432375590316951-0.04637411260046065-0.053918685764074326-0.08308347850106657-0.05205087526701391,0-0-0-0-0,0-0-0-0-0,0-0-0-0-0,0.07378843953832984-0.1051010923879221-0.09746622046688572-0.0697026449884288-0.07392937790835276,0.8337622400000002-0.86037184-0.82519536-0.8458823199999996-0.8248983200000001,106.377-105.753-106.377-106.169-106.169
,0_0|0_0|0_0,
,0_0|0_0|0_0,
,0_0|0_0|0_0,
,0_0|0_0|0_0,
MACCDC1,IAT+SIZE,header_False,KDE,tuning_False,0|0|5000,25,0.001112783094868064-0.001027954975143075-0.0009391121566295624-0.000920234015211463-0.0009912808891385794,0-0-0-0-0,0-0-0-0-0,0-0-0-0-0,0.7098538805614225-0.7980300828278996-0.9162044455134309-0.882372097892221-0.6632283321488649,0.72753152-0.7237547199999999-0.6939840000000003-0.7249008000000002-0.7218222399999997,222.484-222.484-222.484-222.484-222.484
MACCDC1,IAT+SIZE,header_False,KDE,tuning_True,0|0|5000,25,0.001029683044180274-0.0010518610943108797-0.0010051969438791275-0.000921138096600771-0.000968109117820859,0-0-0-0-0,0-0-0-0-0,0-0-0-0-0,0.6524386198748835-0.704854524587281-0.6418846349278465-0.618658406699542-0.5574428450944834,0.8193169599999998-0.77569488-0.82015552-0.8195468800000003-0.8204865600000002,222.484-222.484-222.484-222.484-222.484
MACCDC1,IAT+SIZE,header_False,GMM(full),tuning_False,0|0|5000,25,0.008559044450521469-0.005266944412142038-0.006801289273425937-0.006280631059780717-0.005503320135176182,0-0-0-0-0,0-0-0-0-0,0-0-0-0-0,0.002890321556478739-0.0017552985274232923-0.002307381252758205-0.0018595685833133757-0.0017167450557462871,0.9102715199999999-0.9092486399999997-0.9656579199999998-0.9742374399999996-0.9769441600000003,5.667-5.667-5.667-5.667-5.667
MACCDC1,IAT+SIZE,header_False,GMM(full),tuning_True,0|0|5000,25,0.043831579154357314-0.06373483687639236-0.005487383343279362-0.005309533094987273-0.00831836904399097,0-0-0-0-0,0-0-0-0-0,0-0-0-0-0,0.03192604774376377-0.10798535915790125-0.0028039356833323838-0.0026288942946121096-0.006340488633140922,0.9640590400000001-0.9773731199999998-0.9656579199999998-0.9742374399999996-0.9769441600000003,94.206-104.622-5.667-5.667-5.667
,0_0|0_0|0_0,
,0_0|0_0|0_0,
,0_0|0_0|0_0,
,0_0|0_0|0_0,
,0_0|0_0|0_0,
,0_0|0_0|0_0,
,0_0|0_0|0_0,
,0_0|0_0|0_0,
,0_0|0_0|0_0,
,0_0|0_0|0_0,
,0_0|0_0|0_0,
,0_0|0_0|0_0,
,0_0|0_0|0_0,
,0_0|0_0|0_0,
,0_0|0_0|0_0,
,0_0|0_0|0_0,
,0_0|0_0|0_0,
,0_0|0_0|0_0,
SFRIG1_2021,IAT+SIZE,header_False,OCSVM(rbf),tuning_False,0|0|5000,15,0.07938893465325236-0.07719746604561806-0.08010310702957213-0.06822260515764356-0.056888160994276404,0-0-0-0-0,0-0-0-0-0,0-0-0-0-0,0.07689568173140288-0.06849638633662834-0.07176446494180709-0.06898686611326411-0.07614735233597457,0.84804392-0.8466650399999999-0.8453771199999999-0.85751952-0.8462000800000001,65.225-64.969-65.225-64.841-65.097
SFRIG1_2021,IAT+SIZE,header_False,OCSVM(rbf),tuning_True,0|0|5000,15,0.05819714325480163-0.06028877687640488-0.06488669221289456-0.06895755603909492-0.06192498281598091,0-0-0-0-0,0-0-0-0-0,0-0-0-0-0,0.05751439073123038-0.0586406693700701-0.06328788541723043-0.05658838242059574-0.06308029187144712,0.9298876000000001-0.9301055199999998-0.9145333599999996-0.91978752-0.9248664800000005,65.865-65.225-65.865-65.609-65.353
,0_0|0_0|0_0,
,0_0|0_0|0_0,
,0_0|0_0|0_0,
,0_0|0_0|0_0,
SFRIG1_2021,IAT+SIZE,header_False,KDE,tuning_False,0|0|5000,15,0.0028360511641949415-0.002373641822487116-0.0017503099516034126-0.0015620188787579536-0.0012155959848314524,0-0-0-0-0,0-0-0-0-0,0-0-0-0-0,0.39936676076846195-0.41204516431782395-0.4128687977534719-0.3574808897054754-0.3583490348909982,0.7981272800000001-0.7983999199999997-0.7979167200000002-0.7978255200000003-0.7975824800000001,137.524-137.524-137.524-137.524-137.524
SFRIG1_2021,IAT+SIZE,header_False,KDE,tuning_True,0|0|5000,15,0.0011457488872110844-0.0012143689673393965-0.0016400918830186129-0.0009012639056891203-0.0010461262427270412,0-0-0-0-0,0-0-0-0-0,0-0-0-0-0,0.12154849272454157-0.1693387130764313-0.21526684056501835-0.22958411196013911-0.1783905397215858,0.9226290400000003-0.9198509600000001-0.9159522399999998-0.9074082399999999-0.9148988800000001,137.524-137.524-137.524-137.524-137.524
SFRIG1_2021,IAT+SIZE,header_False,GMM(full),tuning_False,0|0|5000,15,0.014532299246639013-0.007489705923944712-0.010971424635499716-0.008137555560097098-0.007690700702369213,0-0-0-0-0,0-0-0-0-0,0-0-0-0-0,0.0018734272988513113-0.0015614605834707617-0.0024776200857013464-0.0018517223838716746-0.0018756427732296288,0.8191477599999996-0.8256487200000002-0.8253234400000002-0.8493763999999999-0.77006856,2.387-2.387-2.387-2.387-2.387
SFRIG1_2021,IAT+SIZE,header_False,GMM(full),tuning_True,0|0|5000,15,0.09494103607721627-0.013716378016397357-0.07839587656781077-0.019939708523452282-0.03162092203274369,0-0-0-0-0,0-0-0-0-0,0-0-0-0-0,0.025134819191880525-0.004910871740430593-0.011371150694321841-0.006856526725459844-0.01564275460317731,0.9005772000000002-0.9053122400000001-0.9049983200000002-0.8872061600000002-0.9409653600000003,39.022-8.174-27.454-12.03-35.166
,0_0|0_0|0_0,
,0_0|0_0|0_0,
,0_0|0_0|0_0,
,0_0|0_0|0_0,
,0_0|0_0|0_0,
,0_0|0_0|0_0,
,0_0|0_0|0_0,
,0_0|0_0|0_0,
,0_0|0_0|0_0,
,0_0|0_0|0_0,
,0_0|0_0|0_0,
,0_0|0_0|0_0,
,0_0|0_0|0_0,
,0_0|0_0|0_0,
,0_0|0_0|0_0,
,0_0|0_0|0_0,
,0_0|0_0|0_0,
,0_0|0_0|0_0,
AECHO1_2020,IAT+SIZE,header_False,OCSVM(rbf),tuning_False,0|0|1120,35,0.06143186707049608-0.0680492171086371-0.060717755695804954-0.06194194103591144-0.057046033907681704,0-0-0-0-0,0-0-0-0-0,0-0-0-0-0,0.010848053405061365-0.009499397466424853-0.010035083016846328-0.009711507975589484-0.010943155051209033,0.781095344387755-0.7754719387755102-0.7741454081632655-0.7802264030612243-0.7742793367346937,145.577-145.577-145.577-145.001-145.577
AECHO1_2020,IAT+SIZE,header_False,OCSVM(rbf),tuning_True,0|0|1120,35,0.06357724871486425-0.058152108220383525-0.059187131235376-0.05704865208826959-0.0526538654230535,0-0-0-0-0,0-0-0-0-0,0-0-0-0-0,0.013217341853305697-0.013233409721869975-0.01221533223753795-0.012544757057912647-0.018513165621552616,0.8912276785714287-0.9413807397959181-0.8891501913265308-0.8944658801020411-0.8858258928571427,146.441-146.441-145.865-145.577-145.865
AECHO1_2020,IAT+SIZE,header_False,KJL-OCSVM(linear),tuning_False,0|0|1120,35,0.050218911841511726-0.0614315930288285-0.05489398702047765-0.0472985350061208-0.04321977589279413,0-0-0-0-0,0-0-0-0-0,0-0-0-0-0,0.020713355159386992-0.01023676316253841-0.02269900217652321-0.01084729190915823-0.023469347972422838,0.6414429209183674-0.705669642857143-0.7324426020408163-0.6565066964285714-0.741922831632653,56.977-56.929-56.977-56.881-56.929
AECHO1_2020,IAT+SIZE,header_False,KJL-OCSVM(linear),tuning_True,0|0|1120,35,0.18268367345444858-0.04345366102643311-0.054229245288297534-0.07078161998651922-0.07720128702931106,0-0-0-0-0,0-0-0-0-0,0-0-0-0-0,0.0058950798120349646-0.026217696955427527-0.00995051464997232-0.013106834143400192-0.02153763291426003,0.848249362244898-0.7164333545918367-0.7324426020408163-0.7690449617346939-0.8078507653061224,57.025-56.881-56.977-56.977-57.025
AECHO1_2020,IAT+SIZE,header_False,Nystrom-OCSVM(linear),tuning_False,0|0|1120,35,0.0702782841399312-0.1204568911343813-0.1367206578142941-0.05805831612087786-0.06426180084235966,0-0-0-0-0,0-0-0-0-0,0-0-0-0-0,0.011555066797882318-0.014751162845641375-0.014250267064198852-0.013999582966789603-0.003992300247773528,0.7728459821428572-0.777061543367347-0.7764094387755102-0.7736336096938775-0.7236973852040817,57.041-56.945-57.041-56.945-56.945
AECHO1_2020,IAT+SIZE,header_False,Nystrom-OCSVM(linear),tuning_True,0|0|1120,35,0.12790712318383157-0.06023858790285885-0.049336691154167056-0.05513039603829384-0.1467074218671769,0-0-0-0-0,0-0-0-0-0,0-0-0-0-0,0.0033567522186785936-0.019193421583622694-0.0029073148034512997-0.002303682966157794-0.002064836211502552,0.7792761479591837-0.7965529336734694-0.7819802295918368-0.7826658163265305-0.7786001275510204,57.041-56.993-56.993-57.041-56.897
AECHO1_2020,IAT+SIZE,header_False,KDE,tuning_False,0|0|1120,35,0.0010849861428141594-0.0010288588237017393-0.0009835122618824244-0.0009847998153418303-0.0008868027944117785,0-0-0-0-0,0-0-0-0-0,0-0-0-0-0,0.15376532964175568-0.1514409623388201-0.1489641088852659-0.14860062666935847-0.14943859534803777,0.7560076530612244-0.7586383928571426-0.7628954081632651-0.7601466836734694-0.7581760204081628,307.444-307.444-307.444-307.444-307.444
AECHO1_2020,IAT+SIZE,header_False,KDE,tuning_True,0|0|1120,35,0.000873219920322299-0.0008667451329529285-0.0011502730194479227-0.0009619940537959337-0.0008709658868610859,0-0-0-0-0,0-0-0-0-0,0-0-0-0-0,0.1574687480716966-0.1595716715673916-0.15364085202571004-0.16108619619626552-0.15785520358476787,0.7882206632653063-0.8731696428571429-0.7841517857142858-0.7941485969387752-0.7863934948979595,307.444-307.444-307.444-307.444-307.444
AECHO1_2020,IAT+SIZE,header_False,GMM(full),tuning_False,0|0|1120,35,0.009452329948544502-0.006444443250074983-0.00686351559124887-0.006923016859218478-0.007190590724349022,0-0-0-0-0,0-0-0-0-0,0-0-0-0-0,0.0009992044046521187-0.0010544029856100678-0.0018984965770505369-0.001170315423514694-0.0032542736711911858,0.9308099489795916-0.9398086734693878-0.9353985969387757-0.9428475765306122-0.9474936224489791,10.55-10.55-10.55-10.55-10.55
AECHO1_2020,IAT+SIZE,header_False,GMM(full),tuning_True,0|0|1120,35,0.034478378714993596-0.03854678082279861-0.012887256918475032-0.04943318455480039-0.04026727774180472,0-0-0-0-0,0-0-0-0-0,0-0-0-0-0,0.004871483184397221-0.007739631261210888-0.0031981959193944933-0.00575360183371231-0.006779465437866747,0.96796875-0.9668494897959187-0.949253826530612-0.9752487244897958-0.9581983418367345,121.518-101.342-40.814-141.694-161.87
AECHO1_2020,IAT+SIZE,header_False,GMM(diag),tuning_False,0|0|1120,35,0.00675496063195169-0.006798256887122989-0.006128353765234351-0.009264969732612371-0.009070435771718621,0-0-0-0-0,0-0-0-0-0,0-0-0-0-0,0.006379350554198027-0.0005369659047573805-0.0009828917682170868-0.0006082761101424694-0.0004754329565912485,0.8610650510204081-0.8344036989795918-0.8473405612244899-0.8782142857142857-0.8179846938775509,1.028-1.028-1.028-1.028-1.028
AECHO1_2020,IAT+SIZE,header_False,GMM(diag),tuning_True,0|0|1120,35,0.006603799760341644-0.027630463242530823-0.027472529793158174-0.036991903791204095-0.01404686807654798,0-0-0-0-0,0-0-0-0-0,0-0-0-0-0,0.022671386832371354-0.004177141934633255-0.0018373588100075722-0.020758328028023243-0.0018163169734179974,0.8610650510204081-0.8947959183673468-0.9446651785714285-0.9273820153061225-0.8313233418367347,1.028-11.82-10.684-11.82-3.868
AECHO1_2020,IAT+SIZE,header_False,KJL-GMM(full),tuning_False,0|0|1120,35,0.044684758642688394-0.04608899005688727-0.0528231649659574-0.04103866941295564-0.04999988595955074,0-0-0-0-0,0-0-0-0-0,0-0-0-0-0,0.004426578059792519-0.003841435769572854-0.003704619128257036-0.0032731497194617987-0.0031618489883840084,0.04039062499999999-0.11070312499999997-0.04538903061224489-0.06196269132653062-0.06295758928571427,32.957-32.957-32.957-32.957-32.957
AECHO1_2020,IAT+SIZE,header_False,KJL-GMM(full),tuning_True,0|0|1120,35,0.09120808658190072-0.08044101903215051-0.06588339619338512-0.07846286101266742-0.05758758191950619,0-0-0-0-0,0-0-0-0-0,0-0-0-0-0,0.007286094129085541-0.0047131499741226435-0.008561162045225501-0.007113786181434989-0.006555008934810758,0.9736128826530612-0.9702678571428572-0.9693654336734694-0.9746651785714284-0.9709406887755103,37.179-35.691-37.675-37.179-36.187
AECHO1_2020,IAT+SIZE,header_False,KJL-GMM(diag),tuning_False,0|0|1120,35,0.04372388310730457-0.04671053751371801-0.048613236052915454-0.04725457355380058-0.04496788885444403,0-0-0-0-0,0-0-0-0-0,0-0-0-0-0,0.002123973099514842-0.0021220592316240072-0.0023131209891289473-0.0027590510435402393-0.014956817962229252,0.11977519132653063-0.05221938775510201-0.06492346938775508-0.10399872448979591-0.10129464285714286,32.795-32.795-32.795-32.795-32.795
AECHO1_2020,IAT+SIZE,header_False,KJL-GMM(diag),tuning_True,0|0|1120,35,0.06165162194520235-0.0618817126378417-0.04903299990110099-0.05188611941412091-0.04882776876911521,0-0-0-0-0,0-0-0-0-0,0-0-0-0-0,0.002231804421171546-0.003863340010866523-0.00222564279101789-0.004060853039845824-0.01699586771428585,0.9554783163265308-0.9597751913265307-0.954953762755102-0.9725191326530612-0.9702168367346939,34.297-34.121-34.121-34.121-34.473
AECHO1_2020,IAT+SIZE,header_False,Nystrom-GMM(full),tuning_False,0|0|1120,35,0.04493502248078585-0.04986156173981726-0.05141348042525351-0.04761809902265668-0.049605978885665536,0-0-0-0-0,0-0-0-0-0,0-0-0-0-0,0.0038438672199845314-0.0019106986001133919-0.0021219602786004543-0.002655351534485817-0.0019224043935537338,0.10519770408163268-0.3284964923469388-0.12424426020408162-0.10284119897959182-0.138984375,32.973-32.973-32.973-32.973-32.973
AECHO1_2020,IAT+SIZE,header_False,Nystrom-GMM(full),tuning_True,0|0|1120,35,0.10142965987324715-0.08466967637650669-0.09487283835187554-0.10980962868779898-0.12415686412714422,0-0-0-0-0,0-0-0-0-0,0-0-0-0-0,0.0036035990342497826-0.002512758132070303-0.0034681856632232666-0.0041823359206318855-0.006126086926087737,0.9640752551020408-0.9601849489795918-0.9697863520408162-0.9690593112244897-0.9587260841836736,37.691-34.216-37.691-34.715-37.691
AECHO1_2020,IAT+SIZE,header_False,Nystrom-GMM(diag),tuning_False,0|0|1120,35,0.043157760286703706-0.05475649726577103-0.045058915158733726-0.047542805783450603-0.049450002843514085,0-0-0-0-0,0-0-0-0-0,0-0-0-0-0,0.0031065959483385086-0.018157757818698883-0.009985622251406312-0.023135630879551172-0.010720767313614488,0.073984375-0.16332748724489798-0.0868702168367347-0.10286670918367347-0.14712691326530614,32.811-32.811-32.811-32.811-32.811
AECHO1_2020,IAT+SIZE,header_False,Nystrom-GMM(diag),tuning_True,0|0|1120,35,0.054701868211850524-0.09660350298509002-0.06629601609893143-0.06793116428889334-0.06524193286895752,0-0-0-0-0,0-0-0-0-0,0-0-0-0-0,0.02047047670930624-0.003619065973907709-0.017636639531701803-0.00494176079519093-0.005580610828474164,0.9727933673469389-0.9665896045918368-0.9677168367346939-0.964797512755102-0.9705580357142858,34.489-34.137-33.961-34.137-34.137
AECHO1_2020,IAT+SIZE,header_False,KJL-QS-GMM(full),tuning_False,0|0|1120,35,0.12125858198851347-0.1301089357584715-0.13181801745668054-0.12379517802037299-0.13577734911814332,0-0-0-0-0,0-0-0-0-0,0-0-0-0-0,0.0027717205230146646-0.002496923552826047-0.0033925038296729326-0.003815595991909504-0.0035138928797096014,0.9248660714285714-0.8145137117346939-0.9230580357142857-0.9134454719387756-0.9279655612244899,34.702-34.203-34.203-34.702-34.702
AECHO1_2020,IAT+SIZE,header_False,KJL-QS-GMM(full),tuning_True,0|0|1120,35,0.12715166551060975-0.17991091450676322-0.15598216908983886-0.13341939286328852-0.14948181249201298,0-0-0-0-0,0-0-0-0-0,0-0-0-0-0,0.0036778065841645002-0.006540813250467181-0.005498139187693596-0.006529307924211025-0.009603796759620309,0.9636128826530612-0.9590051020408163-0.9261639030612244-0.9676530612244901-0.9649744897959184,34.702-34.702-34.702-34.95-34.702
AECHO1_2020,IAT+SIZE,header_False,KJL-QS-GMM(diag),tuning_False,0|0|1120,35,0.12830436788499355-0.13020565430633724-0.11909695295616984-0.12264698930084705-0.13042728998698294,0-0-0-0-0,0-0-0-0-0,0-0-0-0-0,0.004880546825006604-0.017973782494664192-0.0025301871355623007-0.0020265060011297464-0.0022409711964428425,0.9413743622448978-0.47469547193877554-0.8509343112244897-0.9293606505102041-0.9324011479591836,33.42-33.238-33.238-33.42-33.42
AECHO1_2020,IAT+SIZE,header_False,KJL-QS-GMM(diag),tuning_True,0|0|1120,35,0.11892566201277077-0.12962259352207184-0.1209423050750047-0.12332762917503715-0.1312321953009814,0-0-0-0-0,0-0-0-0-0,0-0-0-0-0,0.002711712382733822-0.0024003339931368828-0.010593258775770664-0.002033876022323966-0.0027033600490540266,0.9537005739795918-0.9368048469387755-0.9480771683673469-0.9293606505102041-0.950076530612245,33.42-33.596-33.332-33.42-33.42
AECHO1_2020,IAT+SIZE,header_False,Nystrom-QS-GMM(full),tuning_False,0|0|1120,35,0.15436444291844964-0.16927141603082418-0.1418027705512941-0.1562926061451435-0.16200310387648642,0-0-0-0-0,0-0-0-0-0,0-0-0-0-0,0.00926216784864664-0.011410491541028023-0.003333840286359191-0.004981989739462733-0.0035509259905666113,0.9372018494897959-0.96234375-0.9119132653061225-0.9123724489795918-0.911890943877551,35.71-35.71-35.214-35.462-35.71
AECHO1_2020,IAT+SIZE,header_False,Nystrom-QS-GMM(full),tuning_True,0|0|1120,35,0.15996724949218333-0.13219669833779335-0.14308814704418182-0.14985398738645017-0.14535651844926178,0-0-0-0-0,0-0-0-0-0,0-0-0-0-0,0.004649018635973334-0.005854646908119321-0.0026336489245295525-0.003718501888215542-0.005114968866109848,0.9727391581632654-0.96234375-0.9735331632653061-0.9690593112244897-0.9385124362244897,35.462-35.71-34.966-34.718-35.958
AECHO1_2020,IAT+SIZE,header_False,Nystrom-QS-GMM(diag),tuning_False,0|0|1120,35,0.13393009640276432-0.14278067648410797-0.12429653247818351-0.1320735514163971-0.1428951332345605,0-0-0-0-0,0-0-0-0-0,0-0-0-0-0,0.01462567807175219-0.004224373027682304-0.0024755620397627354-0.0029299950692802668-0.015040696132928133,0.9041741071428572-0.9465242346938776-0.921265943877551-0.9068654336734694-0.9048852040816326,33.788-33.788-33.612-33.7-33.788
AECHO1_2020,IAT+SIZE,header_False,Nystrom-QS-GMM(diag),tuning_True,0|0|1120,35,0.13241616892628372-0.12885555624961853-0.14175378577783704-0.14178631291724741-0.1668550695758313,0-0-0-0-0,0-0-0-0-0,0-0-0-0-0,0.020268831867724657-0.0064657924231141806-0.02000181400217116-0.034513166174292564-0.008396785240620375,0.9634805484693878-0.9529862882653062-0.9668016581632652-0.9638998724489796-0.9644866071428572,33.7-33.788-33.788-33.612-33.876
DWSHR_AECHO_2020,IAT+SIZE,header_False,OCSVM(rbf),tuning_False,0|0|2032,29,0.06401556590572-0.0578278498724103-0.054704055888578296-0.05328135006129742-0.05810987367294729,0-0-0-0-0,0-0-0-0-0,0-0-0-0-0,0.025882892366498707-0.025313125173561275-0.02887471826048568-0.024480567257851363-0.02435453193029389,0.8715880556761116-0.9044171213342429-0.9017482097464193-0.902359492218984-0.9046510749271498,121.193-120.953-121.433-121.913-121.433
DWSHR_AECHO_2020,IAT+SIZE,header_False,OCSVM(rbf),tuning_True,0|0|2032,29,0.05741161550395191-0.04873829148709774-0.05618040054105222-0.05254052043892443-0.05629232316277921,0-0-0-0-0,0-0-0-0-0,0-0-0-0-0,0.023205578497145326-0.022857101769186556-0.030399818604346363-0.02306381846778095-0.025100466795265675,0.9239103478206958-0.9243753487506975-0.9236977067704134-0.9192671197842394-0.9244853020956043,121.913-121.673-122.153-122.153-122.393
,0_0|0_0|0_0,
,0_0|0_0|0_0,
,0_0|0_0|0_0,
,0_0|0_0|0_0,
DWSHR_AECHO_2020,IAT+SIZE,header_False,KDE,tuning_False,0|0|2032,29,0.00380496378056705-0.0011671348474919796-0.0011540772393345833-0.0013749580830335617-0.0010324823670089245,0-0-0-0-0,0-0-0-0-0,0-0-0-0-0,0.23220454375492408-0.2274891366180964-0.21756597820436582-0.21701508226338773-0.21594440878601745,0.8068686449872899-0.83181206987414-0.8148017546035093-0.8312763500527005-0.8333213853927702,256.468-256.468-256.468-256.468-256.468
DWSHR_AECHO_2020,IAT+SIZE,header_False,KDE,tuning_True,0|0|2032,29,0.0010227428283542395-0.001188480295240879-0.0012109007220715284-0.0023787319660186768-0.0010837551672011614,0-0-0-0-0,0-0-0-0-0,0-0-0-0-0,0.15272969990735874-0.17602705086348577-0.17767129106912763-0.17128343797987328-0.17738364085322245,0.904785247070494-0.9025571176142351-0.9047096844193692-0.9037603075206151-0.9052405604811207,256.468-256.468-256.468-256.468-256.468
DWSHR_AECHO_2020,IAT+SIZE,header_False,GMM(full),tuning_False,0|0|2032,29,0.01309003634378314-0.04058195371180773-0.011185499606654048-0.01023309980519116-0.009742066962644458,0-0-0-0-0,0-0-0-0-0,0-0-0-0-0,0.0010912331286817788-0.0010827528941445052-0.0009241893608123064-0.0011950889579020441-0.0010451332409866154,0.8935806621613246-0.881047918345837-0.8837526737553479-0.8916509083018163-0.8788265701531401,7.427-7.427-7.427-7.427-7.427
DWSHR_AECHO_2020,IAT+SIZE,header_False,GMM(full),tuning_True,0|0|2032,29,0.04348686011508107-0.044189906446263194-0.024622892728075385-0.018764213658869267-0.01403730921447277,0-0-0-0-0,0-0-0-0-0,0-0-0-0-0,0.005866809245198965-0.007373874315526337-0.004476257432252169-0.002427303474396467-0.0037942055938765405,0.9144737351974704-0.9214690929381857-0.9084442231384462-0.918813743877488-0.9086195672391341,70.142-98.014-56.206-28.334-42.27
,0_0|0_0|0_0,
,0_0|0_0|0_0,
,0_0|0_0|0_0,
,0_0|0_0|0_0,
,0_0|0_0|0_0,
,0_0|0_0|0_0,
,0_0|0_0|0_0,
,0_0|0_0|0_0,
,0_0|0_0|0_0,
,0_0|0_0|0_0,
,0_0|0_0|0_0,
,0_0|0_0|0_0,
,0_0|0_0|0_0,
,0_0|0_0|0_0,
,0_0|0_0|0_0,
,0_0|0_0|0_0,
,0_0|0_0|0_0,
,0_0|0_0|0_0,
